Brand,Category,Name,Vol,Barcode,Stock,Status,Ordered,Min,Max,CostPrice,SalePrice
Aromatherapy Associates,Body Oils,Inner strength body oil,240,,In Stock,4,0,2,3,30.10,30.10
Aromatherapy Associates,Body Oils,Relax Deep Body Oil,240 ml,,In Stock,1,0,0,0,27.56,30.10
Aromatherapy Associates,Body Oils,Relax Light Body Oil,240 ml,,In Stock,4,0,0,0,27.56,30.10
Aromatherapy Associates,Body Oils,Relax light body oil,3,,Out,0,0,0,0,0.00,0.00
Aromatherapy Associates,Body Oils,Renew Nourishing Rose Body Oil,240 ml,,In Stock,1,0,0,0,27.56,30.10
Aromatherapy Associates,Body Oils,Renewing Rose Body,200 ml,,Out,0,0,0,0,0.00,0.00
Aromatherapy Associates,Body Oils,Renewing rose body oil,100 ml,,In Stock,1,0,0,0,0.00,0.00
Aromatherapy Associates,Body Oils,Renewing rose body oil,100 ml,,Out,0,0,0,0,0.00,0.00
Aromatherapy Associates,Body Oils,Revive Evening Body Oil,240 ml,,In Stock,4,0,0,0,27.56,30.10
Aromatherapy Associates,Body Oils,Revive Morning Body Oil,240 ml,,In Stock,4,0,0,0,27.56,30.10
Aromatherapy Associates,Body Oils,Support Breathe Body Oil,240 ml,,In Stock,1,0,0,0,27.56,30.10
Aromatherapy Associates,Body Oils,Support Equilibrium Body Oil,240 ml,,In Stock,4,0,0,0,27.56,30.10
Aromatherapy Associates,Body Oils,Support Lavender and Peppermint Body Oil,240 ml,,Out,0,0,0,0,27.56,30.10
Aromatherapy Associates,Body Oils,Support Organic Supersensitive Body Oil,240 ml,,In Stock,3,0,0,0,27.56,30.10
Aromatherapy Associates,Body Wash,De Stress Body Wash,400 ml,,In Stock,2,0,0,0,17.37,18.97
Aromatherapy Associates,Body Oils,De Stress Mind Body Oil,240 ml,,In Stock,4,0,0,0,27.56,30.10
Aromatherapy Associates,Body Oils,De Stress Muscle Body Oil,240 ml,,In Stock,2,0,0,0,27.56,30.10
Aromatherapy Associates,Body Oils,Deep relax body oil,240 ml,,In Stock,3,0,0,3,30.10,0.00
Aromatherapy Associates,Body Oils,Enrich Body Oil,240 ml,,In Stock,4,0,0,0,27.56,30.10
Aromatherapy Associates,Body Oils,Inner Strengh Bath & Shower oil,25,,Out,0,0,0,0,3.78,0.00
Aromatherapy Associates,Brochures and Literature,Anti Age Brochure,10,,Out,0,0,0,0,4.20,0.00
Aromatherapy Associates,Brochures and Literature,Gifting Brochure 2010,10,,Out,0,0,0,0,4.73,0.00
Aromatherapy Associates,Brochures and Literature,Product Brochure,10,,Out,0,0,0,0,4.95,0.00
Aromatherapy Associates,Brochures and Literature,Skincare Brochure 2010,10,,Out,0,0,0,0,3.68,0.00
Aromatherapy Associates,Consultation and Training,Consultation Stand,1 set,,Out,0,0,0,0,23.87,0.00
Aromatherapy Associates,Consultation and Training,Consultation Stand Refill Pack,1 set,,Out,0,0,0,0,10.50,0.00
Aromatherapy Associates,Consultation and Training,Training DVD UK Vol 1,-,,Out,0,0,0,0,3.70,0.00
Aromatherapy Associates,Consultation and Training,Training DVD UK Vol 2,-,,Out,0,0,0,0,3.70,0.00
Aromatherapy Associates,Consultation and Training,Treatment Plan,25,,Out,0,0,0,0,0.00,0.00
Aromatherapy Associates,De Stress,De Stress Body Wash,200 ml,642498002236,In Stock,1,0,0,0,9.87,21.50
Aromatherapy Associates,De Stress,De Stress Mind Bath And Shower Oil,55 ml,642498000577,Out,0,0,0,0,17.07,37.00
Aromatherapy Associates,De Stress,De Stress Muscle Bath And Shower Oil,55 ml,642498000584,In Stock,2,0,0,0,17.07,37.00
Aromatherapy Associates,De Stress,De Stress Muscle Gel,150 ml,642498000836,In Stock,2,0,0,0,9.26,20.00
Aromatherapy Associates,Enrich,Enrich Body Butter,150 ml,,Out,0,0,0,0,15.07,33.00
Aromatherapy Associates,Enrich,Enrich Body Scrub,200 ml,,Out,0,0,0,0,15.07,33.00
Aromatherapy Associates,Body Wash,Natural Exfoliating Grains,134 g,,In Stock,2,0,0,0,12.60,13.76
Aromatherapy Associates,Body Wash,Relax Body Wash,400 ml,,Out,0,0,0,0,17.37,18.97
Aromatherapy Associates,Body Wash,Renew Body Wash,400 ml,,In Stock,4,0,0,0,23.10,25.23
Aromatherapy Associates,Body Wash,Revive Body Wash,400 ml,,In Stock,1,0,0,0,17.37,18.97
Aromatherapy Associates,Brochures and Literature,AA Branded A6 invitation Card,25,,Out,0,0,0,0,26.02,28.41
Aromatherapy Associates,Essences,Revive Room Fragrance,50 ml,,In Stock,1,0,0,0,26.02,28.41
Aromatherapy Associates,Essences,Support Breathe Essence 10ml,10 ml,,In Stock,2,0,0,0,4.53,4.95
Aromatherapy Associates,Essences,Support Breathe Essence 50ml,50 ml,,Out,0,0,0,0,18.96,20.70
Aromatherapy Associates,Essences,Support Lavender Pure Essential Oil,10 ml,,Out,0,0,0,0,5.25,5.73
Aromatherapy Associates,Essential Skincare,Deep Cleanse Face Mask,200 ml,,In Stock,2,0,0,0,22.68,24.77
Aromatherapy Associates,Essential Skincare,Deep Cleanse Face Mask,100 ml,642498002113,In Stock,5,0,0,0,14.90,32.50
Aromatherapy Associates,Essential Skincare,Deep Cleanse Face Wash,400 ml,,In Stock,3,0,0,0,17.37,18.97
Aromatherapy Associates,Essential Skincare,Deep Cleanse Face Wash,200 ml,,Out,0,0,0,0,10.05,22.00
Aromatherapy Associates,Essential Skincare,Essential Enzyme Peel,-,642498003677,In Stock,1,0,0,0,0.00,36.00
Aromatherapy Associates,Essential Skincare,Essential Skincare introductory Set,-,,Out,0,0,0,0,13.75,30.00
Aromatherapy Associates,Essential Skincare,Firming Eye Serum,15 ml,,Out,0,0,0,0,13.50,0.00
Aromatherapy Associates,Essential Skincare,Firming Eye Serum,15 ml,642498002151,Out,0,0,0,0,16.07,39.00
Aromatherapy Associates,Essential Skincare,Mattifying Skin Serum,100 ml,,Out,0,0,0,0,20.00,0.00
Aromatherapy Associates,Essential Skincare,Mattifying Skin Serum,50 ml,642498002199,Out,0,0,0,0,14.06,30.50
Aromatherapy Associates,Essential Skincare,Moisturising Lip Balm,7 ml,,Out,0,0,0,0,6.00,0.00
Aromatherapy Associates,Enrich,Enrich Body Serum,200 ml,,Out,0,0,0,0,11.30,24.50
Aromatherapy Associates,Enrich,Enrich Hair Oil,50 ml,,In Stock,2,0,0,0,11.05,24.00
Aromatherapy Associates,Enrich,Enrich Massage and Body Oil,100 ml,,Out,0,0,0,0,15.07,33.00
Aromatherapy Associates,Essences,De Stress Frankincense Pure Essential Oil,10 ml,,Out,0,0,0,0,19.58,42.50
Aromatherapy Associates,Essential Skincare,Orange Flower Mattifying Moisturiser,100 ml,,In Stock,2,0,0,0,27.34,29.86
Aromatherapy Associates,Essential Skincare,Purifying Facial Scrub,200 ml,,In Stock,3,0,0,0,19.05,20.80
Aromatherapy Associates,Essential Skincare,Purifying Facial Scrub,100 ml,642498002120,Out,0,0,0,0,10.77,23.50
Aromatherapy Associates,Essential Skincare,Refinery Eye Gel,15 ml,642498002755,In Stock,1,0,0,0,10.00,25.00
Aromatherapy Associates,Essential Skincare,Refinery Face Mask,75 ml,642498002748,In Stock,2,0,0,0,10.00,25.00
Aromatherapy Associates,Essential Skincare,Refinery Face Scrub,100 ml,642498002724,In Stock,1,0,0,0,7.60,19.00
Aromatherapy Associates,Essential Skincare,Refinery Face Wash,-,642498002731,Out,0,0,0,0,6.40,16.00
Aromatherapy Associates,Essential Skincare,Refinery Mattifying Moisturiser,50 ml,642498002779,Out,0,0,0,0,11.60,29.00
Aromatherapy Associates,Essential Skincare,Refinery Post Shave Balm,100 ml,642498002762,In Stock,1,0,0,0,11.20,28.00
Aromatherapy Associates,Essential Skincare,Refinery Revitalising Moisturiser,50 ml,642498002786,Out,0,0,0,0,14.80,37.00
Aromatherapy Associates,Essential Skincare,Refinery Shave Foam Gel,125 ml,642498002793,In Stock,2,0,0,0,5.83,14.00
Aromatherapy Associates,Essential Skincare,Refinery Shave Oil,30 ml,642498003288,In Stock,1,0,0,0,10.00,25.00
Aromatherapy Associates,Essential Skincare,Refining Face Oil Lavender and Ylang,50 ml,,In Stock,2,0,0,0,23.10,25.23
Aromatherapy Associates,Essential Skincare,Refining Face Oil Lavender And Ylang,15 ml,642498002069,In Stock,1,0,0,0,17.07,37.00
Aromatherapy Associates,Essential Skincare,Refining Skin Tonic,400 ml,,Out,0,0,0,0,17.37,0.00
Aromatherapy Associates,Essential Skincare,Refining Skin Tonic,200 ml,642498002090,In Stock,3,0,0,0,10.05,22.00
Aromatherapy Associates,Essential Skincare,Moisturising Lip Balm,7 ml,642498002168,In Stock,1,0,0,0,6.00,13.50
Aromatherapy Associates,Essential Skincare,Nourishing Face Oil Rose And Sandlewood,15 ml,642498002052,In Stock,4,0,0,0,17.07,37.00
Aromatherapy Associates,Essential Skincare,Nourishing FaceOil Rose and Sandlewood,50 ml,,In Stock,4,0,0,0,23.10,25.23
Aromatherapy Associates,Essential Skincare,Orange Flower Matifying Moisturiser,50 ml,642498002182,Out,0,0,0,0,19.58,42.50
Aromatherapy Associates,Essential Skincare,Orange Flower Mattifying Moisturiser,100 ml,,In Stock,5,0,0,0,9.75,10.65
Aromatherapy Associates,Essential Skincare,Rose Hydrating Face Mask,400 ml,,In Stock,1,0,0,0,18.61,40.64
Aromatherapy Associates,Essential Skincare,Rose Hydrating Face Mask,100 ml,642498002137,Out,0,0,0,0,14.90,32.50
Aromatherapy Associates,Essential Skincare,Rose Radiance Skin Serum,100 ml,,In Stock,5,0,0,0,20.00,21.84
Aromatherapy Associates,Essential Skincare,Rose Radiance Skin Serum,50 ml,642498002205,Out,-8,0,0,0,16.07,35.00
Aromatherapy Associates,Essential Skincare,Rose Skin Tonic,400 ml,,In Stock,2,0,0,0,17.37,18.97
Aromatherapy Associates,Essential Skincare,Rose Skin Tonic,200 ml,642498002083,Out,-1,0,0,0,10.05,22.00
Aromatherapy Associates,Essential Skincare,sooth daily repair moisturiser,2,,Out,0,0,0,0,14.42,0.00
Aromatherapy Associates,Essential Skincare,soothing cleansing,2,,Out,0,0,0,0,0.00,0.00
Aromatherapy Associates,Essential Skincare,Soothing Cleansing Balm,100 ml,642498002687,Out,0,0,0,0,14.38,34.50
Aromatherapy Associates,Essential Skincare,Soothing Daily Repair Moisturiser,50 ml,642498002656,Out,0,0,0,0,20.42,49.00
Aromatherapy Associates,Essential Skincare,Soothing Face Oil,15 ml,642498002649,Out,0,0,0,0,17.50,42.00
Aromatherapy Associates,Essential Skincare,Soothing Instant Skin Soothing Serum,50 ml,642498002663,Out,0,0,0,0,17.50,42.00
Aromatherapy Associates,Essential Skincare,Soothing Introductory Set,5 pk,642498002700,In Stock,3,0,0,0,13.96,33.50
Aromatherapy Associates,Essential Skincare,Soothing Tonic,-,642498002694,In Stock,1,0,0,0,0.00,28.00
Aromatherapy Associates,Essential Skincare,Soothing Treatment Mask,100 ml,642498002670,In Stock,2,0,0,0,20.21,48.50
Aromatherapy Associates,Essential Skincare,Renewing Rose Cleanser,400 ml,,Out,0,0,0,0,17.37,0.00
Aromatherapy Associates,Essential Skincare,Renewing Rose Cleanser,200 ml,642498002076,Out,-4,0,0,0,10.05,22.00
Aromatherapy Associates,Essential Skincare,Revitilising Face Oil Rose and Frankinsense,50 ml,,In Stock,5,0,0,0,23.10,25.23
Aromatherapy Associates,Essential Skincare,Revitilising Face Oil Rose And Frankinsense,15 ml,642498002045,In Stock,2,0,0,0,17.07,37.00
Aromatherapy Associates,Essential Skincare,Rose Exfoliating Cleanser,150 ml,,In Stock,5,0,0,0,0.00,35.00
Aromatherapy Associates,Gift Packs,instant inner strength,-,642498003936,Out,-3,0,0,0,0.00,15.00
Aromatherapy Associates,Gift Packs,Joy Candle,-,642498003998,Out,-3,0,0,0,0.00,45.00
Aromatherapy Associates,Gift Packs,The Star,-,642498003868,Out,0,0,0,0,0.00,10.00
Aromatherapy Associates,Gifts Home and Travel,Comfort Candle with Damask Rose and Ginger,30 unit,,Out,0,0,0,0,11.79,25.50
Aromatherapy Associates,Gifts Home and Travel,Conditioner,300 ml,,Out,0,0,0,0,7.75,16.50
Aromatherapy Associates,Gifts Home and Travel,Enrich Body Duo,-,,Out,0,0,0,0,23.28,46.50
Aromatherapy Associates,Gifts Home and Travel,Essential Bath and Shower Oils,375 x.ml,,In Stock,1,0,0,0,10.95,22.00
Aromatherapy Associates,Gifts Home and Travel,Essential Travel Oils,475 x.ml,,Out,0,0,0,0,14.24,28.50
Aromatherapy Associates,Gifts Home and Travel,Home Fragrancer,1 unit,,Out,0,0,0,0,19.17,38.50
Aromatherapy Associates,Gifts Home and Travel,Indulgence Candle with Jasmine and Geranium,30 unit,,Out,0,0,0,0,11.79,25.50
Aromatherapy Associates,Gifts Home and Travel,Little Luxuries,33 x.ml,,Out,0,0,0,0,5.50,12.00
Aromatherapy Associates,Gifts Home and Travel,Lotion,300 ml,,Out,0,0,0,0,8.77,17.50
Aromatherapy Associates,Gifts Home and Travel,Miniature Bath and Shower Oil collection,93 x.ml,,Out,0,0,0,0,14.24,28.50
Aromatherapy Associates,Gifts Home and Travel,Perfect Partners,275 x.ml,,Out,0,0,0,0,6.88,15.00
Aromatherapy Associates,Gifts Home and Travel,Relax Candle with Myrrh and west indian bay,30 unit,,Out,0,0,0,0,11.79,25.50
Aromatherapy Associates,Essential Skincare,Support Supersensitive Facial Oil,50 ml,,Out,0,0,0,0,23.10,0.00
Aromatherapy Associates,Essential Skincare,Support Supersensitive Facial Oil,15 ml,642498000690,Out,0,0,0,0,17.07,37.00
Aromatherapy Associates,Essential Skincare,Triple Rose Moisturiser,100 ml,,In Stock,3,0,0,0,31.75,34.67
Aromatherapy Associates,Essential Skincare,Triple Rose Renewing Moisturiser,50 ml,642498002175,Out,-3,0,0,0,22.60,49.00
Aromatherapy Associates,Gift Packs,Perspex A5 Stand,-,,Out,0,0,0,0,3.15,0.00
Aromatherapy Associates,Point of Sale,Retail Consultation Stand,1,,Out,0,0,0,0,23.87,0.00
Aromatherapy Associates,Point of Sale,Retail Consultation Stand Refill Pack,1,,Out,0,0,0,0,10.50,0.00
Aromatherapy Associates,Point of Sale,Skincare A5 Showcard Set,2,,Out,0,0,0,0,0.00,0.00
Aromatherapy Associates,Point of Sale,Smelling Strips,250,,Out,0,0,0,0,2.68,0.00
Aromatherapy Associates,Relax,Relax Body Wash,200 ml,642498002229,In Stock,1,0,0,0,9.87,21.50
Aromatherapy Associates,Relax,Relax Deep Bath And Shower Oil,55 ml,642498000560,Out,0,0,0,0,17.07,37.00
Aromatherapy Associates,Relax,Relax Light Bath And Shower Oil,55 ml,642498000553,Out,0,0,0,0,17.07,37.00
Aromatherapy Associates,Relax,Relax Room Fragrance,10 ml,,Out,0,0,0,0,8.72,19.00
Aromatherapy Associates,Revive,Revive Body Gel,200 ml,,In Stock,1,0,0,0,12.68,27.50
Aromatherapy Associates,Revive,Revive Body Wash,200 ml,642498002243,In Stock,1,0,0,0,9.87,21.50
Aromatherapy Associates,Revive,Revive Evening Bath And Shower Oil,55 ml,642498000607,Out,0,0,0,0,17.07,37.00
Aromatherapy Associates,Revive,Revive Morning Bath And Shower Oil,55 ml,642498000591,Out,0,0,0,0,17.07,37.00
Aromatherapy Associates,Revive,Revive Room Fragrance,10 ml,642498000157,Out,0,0,0,0,8.72,19.00
Aromatherapy Associates,Skincare Body,Body Brush with AA Logo,-,,Out,0,0,0,0,5.50,12.00
Aromatherapy Associates,Skincare Body,Renew Body Wash,200 ml,642498002250,Out,0,0,0,0,11.05,24.00
Aromatherapy Associates,Gifts Home and Travel,Shampoo,300 ml,,Out,0,0,0,0,7.75,16.50
Aromatherapy Associates,Gifts Home and Travel,Wash,300 ml,,Out,0,0,0,0,8.77,17.50
Aromatherapy Associates,Point of Sale,AYR Gift A5 Card,1,,Out,0,0,0,0,0.00,0.00
Aromatherapy Associates,Point of Sale,Bath and Body A5 Showcard Set,6,,Out,0,0,0,0,0.00,0.00
Aromatherapy Associates,Point of Sale,Anti Age Instant Skin Firming Serum,30 ml,,Out,0,0,0,0,19.08,0.00
Aromatherapy Associates,Skincare Testers,Anti Age Intensive Skin Treatment Oil,15 ml,,In Stock,3,0,0,0,18.08,30.96
Aromatherapy Associates,Skincare Testers,Anti Age Rich Repair Nourishing Cream,50 ml,,Out,0,0,0,0,21.11,0.00
Aromatherapy Associates,Skincare Testers,Anti Ageing Overnight Repair Mask,50 ml,,Out,0,0,0,0,21.09,0.00
Aromatherapy Associates,Skincare Testers,Anti Ageing Rich Repair Eye Cream,15 ml,,In Stock,1,0,0,0,18.08,18.66
Aromatherapy Associates,Skincare Testers,Deep Cleanse Face Mask Tester,100 ml,,Out,0,0,0,0,14.90,0.00
Aromatherapy Associates,Skincare Testers,Deep Cleanse Face Wash Tester,200 ml,,Out,0,0,0,0,10.05,0.00
Aromatherapy Associates,Skincare Testers,Firming Eye Serum Tester,15 ml,,Out,0,0,0,0,16.07,0.00
Aromatherapy Associates,Skincare Testers,Mattifying Skin Serum Tester,50 ml,,Out,0,0,0,0,14.06,0.00
Aromatherapy Associates,Skincare Testers,Moisturising Lip Balm Tester,7 ml,,Out,0,0,0,0,6.00,0.00
Aromatherapy Associates,Skincare Testers,Nourishing Face Oil Rose and Sandlewood Tester,15 ml,,Out,0,0,0,0,17.07,0.00
Aromatherapy Associates,Skincare Testers,Orange Flower Mattifying Moistuiriser Tester,50 ml,,Out,0,0,0,0,19.58,0.00
Aromatherapy Associates,Skincare Testers,Purifying Facial Scrub Tester,100 ml,,Out,0,0,0,0,10.77,0.00
Aromatherapy Associates,Skincare Testers,Refining Face Oil Lavender and Ylang Tester,15 ml,,Out,0,0,0,0,17.07,0.00
Aromatherapy Associates,Skincare Testers,Refining Skin Tonic Tester,200 ml,,Out,0,0,0,0,10.05,0.00
Aromatherapy Associates,Skincare Testers,Renewing Rose Cleanser Tester,200 ml,,Out,0,0,0,0,10.05,0.00
Aromatherapy Associates,Skincare Body,Renew Rose Body Cream,100 ml,642498000775,In Stock,1,0,0,0,14.07,30.50
Aromatherapy Associates,Skincare Body,Renew Rose Hydrating Body Gel,200 ml,642498000898,In Stock,2,0,0,0,12.68,27.50
Aromatherapy Associates,Skincare Body,Renew Rose Massage And Body Oil,100 ml,642498002014,Out,0,0,0,0,16.57,36.00
Aromatherapy Associates,Skincare Testers,Anti Age Fine Line Face Oil,15 ml,,Out,0,0,0,0,16.07,0.00
Aromatherapy Associates,Skincare Testers,Rose Skin Tonic Tester,200 ml,,Out,0,0,0,0,10.05,0.00
Aromatherapy Associates,Skincare Testers,Support Supersensitive Facial Oil Tester,15 ml,,Out,0,0,0,0,17.07,0.00
Aromatherapy Associates,Skincare Testers,Triple Rose Moisturiser Tester,50 ml,,Out,0,0,0,0,22.60,0.00
Aromatherapy Associates,soothing range,soothing cleansing balm,-,PN872200,In Stock,2,0,1,2,28.45,0.00
Aromatherapy Associates,soothing range,soothing face oil,-,PN871050,In Stock,3,0,1,2,28.08,28.08
Aromatherapy Associates,soothing range,soothing treatment mask,200 ML,PN876200,Out,0,0,1,2,54.30,0.00
Aromatherapy Associates,Spa Bath Concentrate Testers,De Stress Mind Tester,50 ml,,Out,0,0,0,0,40.13,0.00
Aromatherapy Associates,Spa Bath Concentrate Testers,De Stress Muscle Tester,50 ml,,Out,0,0,0,0,40.13,0.00
Aromatherapy Associates,Spa Bath Concentrate Testers,Deep Relax Tester,50 ml,,Out,0,0,0,0,40.13,0.00
Aromatherapy Associates,Spa Bath Concentrate Testers,Light Relax Tester,50 ml,,Out,0,0,0,0,40.13,0.00
Aromatherapy Associates,Spa Bath Concentrate Testers,Revive Evening Tester,50 ml,,Out,0,0,0,0,40.13,0.00
Aromatherapy Associates,Spa Bath Concentrate Testers,Revive Morning Tester,50 ml,,Out,0,0,0,0,40.13,0.00
Aromatherapy Associates,Spa Bath Concentrate Testers,Support Breath Tester,50 ml,,Out,0,0,0,0,40.13,0.00
Aromatherapy Associates,Spa Bath Concentrate Testers,Support Equilibrium Tester,50 ml,,Out,0,0,0,0,40.13,0.00
Aromatherapy Associates,Spa Bath Concentrate Testers,Support Lavender and Peppermint Tester,50 ml,,Out,0,0,0,0,40.13,0.00
Aromatherapy Associates,Support,Natural Exfoliating Grains,78 g,642498002038,In Stock,4,0,0,0,7.04,15.50
Aromatherapy Associates,Skincare Testers,Revitalising Face Oil Rose and Frankincense Tester,15 ml,,Out,0,0,0,0,17.07,0.00
Aromatherapy Associates,Skincare Testers,Rose Exfoliating Cleanser Tester,100 ml,,Out,0,0,0,0,10.77,0.00
Aromatherapy Associates,Skincare Testers,Rose hydrating Mask Tester,100 ml,,Out,0,0,0,0,14.90,0.00
Aromatherapy Associates,Skincare Testers,Rose Radiance Skin Serum Tester,50 ml,,Out,0,0,0,0,17.07,37.00
Aromatherapy Associates,Support,Support Lavender Pure Essential Oil,10 ml,642498000171,Out,0,0,0,0,5.90,13.00
Aromatherapy Associates,Support,Support Supersensitive Massage And Body Oil,100 ml,642498002021,In Stock,1,0,0,0,16.57,36.00
Aromatherapy Associates,Washroom Amenities,Relax Candle,-,642498003844,Out,0,0,0,0,0.00,35.00
Aromatherapy Associates,Washroom Amenities,Set of 4 Brackets for Washroom Amenities,4,,Out,0,0,0,0,82.69,0.00
Beauty Express,Accessories,Just Wax Depiroll Original,12 pk,,Out,0,0,0,0,13.45,0.00
Beauty Express,Essential Skincare,Skin Truth Cuticle Oil,15 ml,50089703,In Stock,6,0,0,0,1.69,5.00
Crystal Clear,Anti Ageing Skincare,lift away the years,30,5060097900817,In Stock,1,0,1,1,25.00,50.00
Crystal Clear,Essential Skincare,revitilising tonic,1 400ml,,In Stock,1,0,0,0,14.00,0.00
Crystal Clear,Essential Skincare,skin repair serum,1 120ml,,In Stock,1,0,0,0,31.00,62.00
Crystal Clear,Gift Packs,Eyes Alive,-,,Out,0,0,0,0,60.00,129.00
Crystal Clear,Gift Packs,Luxury Cellular Repair,-,,Out,0,0,0,0,117.95,257.00
Crystal Clear,Gift Packs,Men Only,-,,Out,0,0,0,0,60.00,131.00
Crystal Clear,Gift Packs,Night Time Repair,-,,Out,0,0,0,0,88.95,199.00
Crystal Clear,Gift Packs,Spa Sport,-,,Out,0,0,0,0,80.00,162.00
Crystal Clear,Gift Packs,The Classic Range,-,,Out,0,0,0,0,74.00,152.00
Crystal Clear,Gift Packs,Young & Free,-,,Out,0,0,0,0,61.00,126.00
Aromatherapy Associates,Support,Support Breath Bath And Shower Oil,55 ml,642498000638,Out,0,0,0,0,17.07,37.00
Aromatherapy Associates,Support,Support Breath Essence,10 ml,642498000164,Out,0,0,0,0,7.06,15.50
Aromatherapy Associates,Support,Support Equilibrium Bath And Shower Oil,55 ml,642498000621,In Stock,1,0,0,0,17.07,37.00
Aromatherapy Associates,Support,Support Lavender And Peppermint Bath And Shower Oil,55 ml,642498000614,Out,0,0,0,0,17.07,37.00
Aromatherapy Associates,Support,Support Lavender Pure Essential Oil,10 ml,642498000171,Out,0,0,0,0,0.00,0.00
Crystal Clear,Machine Prices,Mini MDA System,-,,Out,0,0,0,0,0.00,0.00
Crystal Clear,Machine Prices,Oxygen system and starter pack,-,,Out,0,0,0,0,0.00,0.00
Crystal Clear,Machine Prices,Sticky Pads for micro machine,-,,Out,0,0,0,0,10.00,0.00
Crystal Clear,Machine Prices,Tan system and starter pack,-,,Out,0,0,0,0,0.00,0.00
Crystal Clear,Machine Prices,Trolley,-,,Out,0,0,0,0,300.00,0.00
Crystal Clear,Medic Essentials,Crystal Clear Eye Pen With 2 Refills Boxed,each,,Out,0,0,0,0,40.00,80.00
Crystal Clear,Medic Essentials,Crystal Clear Refills x 4 for Eye pen,4 pk,,Out,0,0,0,0,19.00,35.00
Crystal Clear,Medic Essentials Rejuvanate,Crystal Clear Illuminate,50 ml,5060097900220,Out,0,0,0,0,30.00,60.00
Crystal Clear,Medic Essentials Rejuvanate,Crystal Clear Intense Anti-ageing Serum,50 ml,5060097900237,Out,-33,0,0,0,30.00,60.00
Crystal Clear,Medic Essentials Rejuvanate,Crystal Clear Protect & Repair SPF40,125 ml,,Out,0,0,0,0,25.00,43.00
Crystal Clear,Medic Essentials Rejuvanate,Crystal Clear Rollaway The Years Eye Serum,10 ml,5060097900244,Out,-3,0,0,0,19.00,38.00
Crystal Clear,Medic Essentials Rejuvanate,Crystal Clear Wipe Away The Years Cleansing Milk,200 ml,5060097900213,In Stock,2,0,0,0,13.50,27.00
Crystal Clear,Medic Essentials Rejuvanate,Crystal Clear Wrinkle Erase Pads,4,5060097900251,Out,0,0,0,0,24.00,48.00
Crystal Clear,Medic Essentials Skin Care,Crystal Clear Body Firm Complex,200 ml,,Out,0,0,0,0,16.00,32.00
Crystal Clear,Medic Essentials Skin Care,Crystal Clear Crystal Body Polish,150 ml,,Out,0,0,0,0,16.00,32.00
Crystal Clear,Machine Prices,Cellulite system and starter pack,-,,Out,0,0,0,0,0.00,0.00
Crystal Clear,Machine Prices,Face & Body contouring unit and starter pack,-,,Out,0,0,0,0,0.00,0.00
Crystal Clear,Machine Prices,IFL Unit,-,,Out,0,0,0,0,0.00,0.00
Crystal Clear,Machine Prices,MDA machine and starter pack,-,,Out,0,0,0,0,16.00,32.00
Crystal Clear,Medic Essentials Skin Care,Crystal Clear Velvet Skin,200 ml,,Out,0,0,0,0,19.50,39.00
Crystal Clear,Parts and Accessories,Body Nozzle,-,,Out,0,0,0,0,3.00,0.00
Crystal Clear,Parts and Accessories,Brass Nozzle for O2 Handset,-,,Out,0,0,0,0,18.00,0.00
Crystal Clear,Parts and Accessories,Cellulite large filters,-,,Out,0,0,0,0,9.00,0.00
Crystal Clear,Parts and Accessories,Cellulite medium Filter,-,,Out,0,0,0,0,7.00,0.00
Crystal Clear,Parts and Accessories,"Cellulite Replacement Head Small, Medium, Large",-,,Out,0,0,0,0,40.00,0.00
Crystal Clear,Parts and Accessories,Cellulite small filter,-,,Out,0,0,0,0,6.50,0.00
Crystal Clear,Parts and Accessories,Disposable Jar - paper filter orange,-,,Out,0,0,0,0,31.20,0.00
Crystal Clear,Parts and Accessories,Eye pen brochure,-,,Out,0,0,0,0,3.25,0.00
Crystal Clear,Parts and Accessories,Eye pen tester presentation stand,-,,Out,0,0,0,0,75.00,0.00
Crystal Clear,Parts and Accessories,Handset Front (Jets),-,,Out,0,0,0,0,15.00,0.00
Crystal Clear,Parts and Accessories,IFL Handset (without lamp),-,,Out,0,0,0,0,800.00,0.00
Crystal Clear,Parts and Accessories,"IFL Replacement lamp 10,000",-,,Out,0,0,0,0,900.00,0.00
Crystal Clear,Parts and Accessories,IFL Replacement lamp 3500 shots,-,,Out,0,0,0,0,400.00,0.00
Crystal Clear,Parts and Accessories,IFL Replacement lamp 5000,-,,Out,0,0,0,0,550.00,0.00
Crystal Clear,Parts and Accessories,Jet Tube,-,,Out,0,0,0,0,2.50,0.00
Crystal Clear,Medic Essentials Skin Care,Crystal Clear Deep Cleansing Gel,200 ml,,Out,0,0,0,0,13.50,27.00
Crystal Clear,Medic Essentials Skin Care,Crystal Clear Defence Mask,100 ml,5060097900282,In Stock,1,0,0,0,13.00,35.00
Crystal Clear,Medic Essentials Skin Care,Crystal Clear No Shine Serum,50 ml,5060097900299,Out,0,0,0,0,21.00,42.00
Crystal Clear,Medic Essentials Skin Care,Crystal Clear Polish,150 ml,,Out,0,0,0,0,16.00,32.00
Crystal Clear,Medic Essentials Skin Care,Orange Handset Filters with holes,-,,Out,0,0,0,0,3.00,0.00
Crystal Clear,Parts and Accessories,PAIR IFL Glasses - Grade 3 or 5,-,,Out,0,0,0,0,40.00,0.00
Crystal Clear,Parts and Accessories,Replacement filter collection jar - metal filter,-,,Out,0,0,0,0,45.00,0.00
Crystal Clear,Parts and Accessories,Retail black/white skincare stand,-,,Out,0,0,0,0,240.00,0.00
Crystal Clear,Parts and Accessories,Retail Skincare Brochure,-,,Out,0,0,0,0,6.25,0.00
Crystal Clear,Parts and Accessories,Six tier eye pen presentation stand,-,,Out,0,0,0,0,140.00,0.00
Crystal Clear,Parts and Accessories,Tanning gun,-,,Out,0,0,0,0,99.00,0.00
Crystal Clear,Parts and Accessories,Twelve tier eye pen presentation stand,-,,Out,0,0,0,0,360.00,0.00
Crystal Clear,Parts and Accessories,White Filters for O2 machine,-,,Out,0,0,0,0,20.00,0.00
Crystal Clear,Parts and Accessories,White Plastic MDA Handset,-,,Out,0,0,0,0,20.00,0.00
Crystal Clear,Pro Classic Range,Crystal Clear Body Polish,200 ml,5060097900107,In Stock,1,0,0,0,14.00,28.00
Crystal Clear,Pro Classic Range,Crystal Clear Brightening Complex,60 ml,5060097900046,Out,-3,0,0,0,18.00,36.00
Crystal Clear,Pro Classic Range,Crystal Clear Cleansing Gel,200 ml,5060097900008,Out,-67,0,0,0,9.00,20.00
Crystal Clear,Pro Classic Range,Crystal Clear Mini Lift Mask,unit,5060097900022,In Stock,1,0,0,0,11.00,22.00
Crystal Clear,Pro Classic Range,Crystal Clear Oxygen Face Polish,200 ml,5060097900077,Out,0,0,0,0,16.00,32.00
Crystal Clear,Pro Classic Range,Crystal Clear Oxygen Serums,5 pk,,Out,0,0,0,0,30.00,110.00
Crystal Clear,Parts and Accessories,MDA Handset Square,-,,Out,0,0,0,0,130.00,0.00
Crystal Clear,Parts and Accessories,MDA Lid,-,,Out,0,0,0,0,140.00,0.00
Crystal Clear,Parts and Accessories,Metal Handset Filters,-,,Out,0,0,0,0,4.80,0.00
Crystal Clear,Parts and Accessories,O2 Handset,-,,Out,0,0,0,0,105.00,0.00
Crystal Clear,Promotional Material,A6 Skincare that makes a difference flyer,-,,Out,0,0,0,0,3.00,0.00
Crystal Clear,Promotional Material,Black gift box ( empty),-,,Out,0,0,0,0,4.00,0.00
Crystal Clear,Promotional Material,Black Salon Brochures,-,,Out,0,0,0,0,25.00,0.00
Crystal Clear,Promotional Material,Cellulite Consultation Forms,-,,Out,0,0,0,0,15.00,0.00
Crystal Clear,Promotional Material,Client Consultation Cards,-,,Out,0,0,0,0,15.00,0.00
Crystal Clear,Promotional Material,Crystal Clear Bags,-,,Out,0,0,0,0,4.00,0.00
Crystal Clear,Promotional Material,Crystal Clear Tissue Paper,-,,Out,0,0,0,0,3.00,0.00
Crystal Clear,Promotional Material,Door Decal,-,,Out,0,0,0,0,30.00,0.00
Crystal Clear,Promotional Material,Exfoliating Mitts,-,,Out,0,0,0,0,5.00,0.00
Crystal Clear,Promotional Material,Gift Voucher,-,,Out,0,0,0,0,8.75,0.00
Crystal Clear,Promotional Material,I Wish Cellulite Therapy Leaflet,-,,Out,0,0,0,0,6.00,0.00
Crystal Clear,Promotional Material,I Wish Instant Spray Tan Leaflet,-,,Out,0,0,0,0,6.00,0.00
Crystal Clear,Promotional Material,I Wish Intense Pulse Light Leaflet,-,,Out,0,0,0,0,6.00,0.00
Crystal Clear,Promotional Material,I Wish Micro Lifting Leaflet,-,,Out,0,0,0,0,6.00,0.00
Crystal Clear,Promotional Material,I Wish Microdermabrasion Leaflet,-,,Out,0,0,0,0,6.00,0.00
Crystal Clear,Promotional Material,I Wish Oxygen Therapy Treatment Leaflet,-,,Out,0,0,0,0,6.00,0.00
Crystal Clear,Pro Classic Range,Crystal Clear Reverse,30 ml,,In Stock,1,0,0,0,19.00,45.00
Crystal Clear,Pro Classic Range,Crystal Clear Revitalising Tonic,200 ml,,In Stock,2,0,0,0,9.00,20.00
Crystal Clear,Pro Classic Range,Crystal Clear Skin Repair Serum,60 ml,5060097900039,Out,-61,0,0,0,18.00,36.00
Crystal Clear,Promotional Material,A6 Skin Rejuvenation The Professional Way flyer,-,,Out,0,0,0,0,3.00,0.00
Crystal Clear,Promotional Material,A6 Skincare that makes a difference flyer,-,,Out,0,0,0,0,0.75,0.00
Crystal Clear,Promotional Material,Muslin Cloth,-,,Out,0,0,0,0,1.50,0.00
Crystal Clear,Promotional Material,OXY Poster,-,,Out,0,0,0,0,0.75,0.00
Crystal Clear,Promotional Material,Skincare poster,-,,Out,0,0,0,0,0.75,0.00
Crystal Clear,Service and Repair,Carriage charge - each way,-,,Out,0,0,0,0,30.00,0.00
Crystal Clear,Service and Repair,Handset Service/Repair - Carriage Not Included,-,,Out,0,0,0,0,30.00,0.00
Crystal Clear,Service and Repair,Machine Repair + Carriage,-,,Out,0,0,0,0,0.00,0.00
Crystal Clear,Service and Repair,Machine Service Carriage Not Included,-,,Out,0,0,0,0,250.00,0.00
Crystal Clear,Trade Range,Crystal Clear Acne Defence Mask,200 ml,,In Stock,1,0,0,0,15.00,35.00
Crystal Clear,Trade Range,Crystal Clear Body Firm Complex,400 ml,,Out,0,0,0,0,28.00,56.00
Crystal Clear,Trade Range,Crystal Clear Cleansing Gel,400 ml,,Out,0,0,0,0,14.00,30.00
Crystal Clear,Trade Range,Crystal Clear Eye Contour Pads,32 unit,,Out,0,0,0,0,128.75,0.00
Crystal Clear,Trade Range,Crystal Clear Mini Lift Mask Trade size,10 unit,,Out,0,0,0,0,67.93,120.00
Crystal Clear,Trade Range,Crystal Clear Mini Lift Mask Trade size,40 unit,,In Stock,7,0,0,0,271.72,67.93
Crystal Clear,Trade Range,Crystal Clear Revitalising Tonic,400 ml,,Out,0,0,0,0,14.00,30.00
Crystal Clear,Trade Range,Crystal Clear Skin Repair Serum,120 ml,,Out,0,0,0,0,31.00,62.00
Crystal Clear,Promotional Material,I Wish Skincare Leaflet,-,,Out,0,0,0,0,6.00,0.00
Crystal Clear,Promotional Material,IFL Poster,-,,Out,0,0,0,0,2.50,0.00
Crystal Clear,Promotional Material,Invitations,-,,Out,0,0,0,0,8.00,0.00
Crystal Clear,Promotional Material,IPL Client Consultation Cards,-,,Out,0,0,0,0,15.00,0.00
Crystal Clear,Promotional Material,MDA poster,-,,Out,0,0,0,0,255.00,0.00
Crystal Clear,Trade Range,Small Crystal Cartridges,504 box,,Out,0,0,0,0,300.00,0.00
Crystal Clear,Trade Range,Tanning Solution,1 l,,Out,0,0,0,0,30.00,0.00
Dream Weave & Co,eye care,Lash constuct magnet mascara,6 ml,6923027705816,Out,-44,0,0,0,0.00,14.00
Dream Weave & Co,eye care,mascara,4,6923027704796,In Stock,1,0,0,0,5.00,12.00
Dream Weave & Co,eye care,mascara gold,6,6923027705359,Out,0,0,0,0,6.00,14.00
Dream Weave & Co,Lip Gloss,mix up the voltage lip plumper,7 g,6923027705977,Out,-9,0,0,0,0.00,18.00
Fake Bake,Instant Tan,60 Minutes,236 ml,856175002536,Out,0,0,0,0,12.50,25.00
Fake Bake,Instant Tan,Bronzer Instant Tan Lotion,125 ml,856175002253,Out,0,0,0,0,6.00,12.00
Fake Bake,Instant Tan,Faux Glo Intant Tan Aerosol,120 ml,,Out,0,0,0,0,6.25,12.50
Fake Bake,Instant Tan,Perfection Isntant Tan Pritz And Professional Mitt,170 ml,856175002239,Out,0,0,0,0,7.50,15.00
Fake Bake,Instant Tan,Shimmer instant Tan Lotion,125 ml,,Out,0,0,0,0,6.00,12.00
Fake Bake,Lip Gloss,Domestically disabled,3 g,,Out,0,0,0,0,4.63,9.25
Fake Bake,Lip Gloss,Drama Queen,3 g,,Out,0,0,0,0,4.63,9.25
Fake Bake,Pro self Tan,Oil Free Moisturiser,946 ml,,In Stock,1,0,0,0,21.00,22.00
Fake Bake,Pro self Tan,Original Self Tan Lotion,946 ml,,In Stock,1,0,0,0,40.00,41.00
Crystal Clear,Trade Range,IFL Gel,5 l,,Out,0,0,0,0,25.00,0.00
Crystal Clear,Trade Range,Oxygen Serum min 20,205 x.ml,,Out,0,0,0,0,120.00,0.00
Crystal Clear,Trade Range,Small Crystal Cartridges,50 box,,In Stock,2,0,0,0,100.00,100.00
Crystal Clear,Trade Range,Small Crystal Cartridges,502 box,,Out,0,0,0,0,180.00,0.00
Crystal Clear,Trade Range,Small Crystal Cartridges,503 box,,Out,0,0,0,0,255.00,0.00
Fake Bake,Pro Self Tan Oxidant,Gold Self Tan Lotion,946 ml,,Out,0,0,0,0,45.00,0.00
Fake Bake,Pro Self Tan Oxidant,Gold Spray Tan Liquid,950 ml,,Out,0,0,0,0,50.00,0.00
Fake Bake,Pro Spray Tan Accessories,Black Inflatable Pro,-,,Out,0,0,0,0,195.00,0.00
Fake Bake,Pro Spray Tan Accessories,Carrier Bag,-,,Out,0,0,0,0,5.00,0.00
Fake Bake,Pro Spray Tan Accessories,Dual purpose Mitt,-,,Out,0,0,0,0,2.00,0.00
Fake Bake,Pro Spray Tan Accessories,Hair Caps,-,,Out,0,0,0,0,7.50,0.00
Fake Bake,Pro Spray Tan Accessories,Next Appointment Card,-,,Out,0,0,0,0,2.00,0.00
Fake Bake,Pro Spray Tan Accessories,Nitrile Gloves,100 box,,Out,0,0,0,0,9.95,0.00
Fake Bake,Pro Spray Tan Accessories,Paper T Strings,-,,Out,0,0,0,0,10.95,0.00
Fake Bake,Pro Spray Tan Accessories,Passion Fruit Exfoliant Wipes,-,,Out,0,0,0,0,14.95,0.00
Fake Bake,Pro Spray Tan Accessories,POD shark Fin Filter,-,,Out,0,0,0,0,15.00,0.00
Fake Bake,Pro Spray Tan Accessories,POD Washable Filter,-,,Out,0,0,0,0,15.00,0.00
Fake Bake,Pro Spray Tan Accessories,Premium Gift Bag,-,,Out,0,0,0,0,1.50,0.00
Fake Bake,Pro Spray Tan Accessories,PRO filter Kit,-,,Out,0,0,0,0,30.00,0.00
Fake Bake,Pro Spray Tan Accessories,PRO Refill Capsule,-,,Out,0,0,0,0,10.00,0.00
Fake Bake,Pro self Tan,Passion Fruit Body Polisher,946 ml,,Out,0,0,0,0,21.00,22.00
Fake Bake,Pro self Tan,sport daily tan,236 ml,856175002543,Out,0,0,0,0,0.00,14.50
Fake Bake,Pro self Tan,The face anti aging self tanning lotion,60 ml,856175001126,Out,-1,0,0,0,0.00,22.00
Fake Bake,Pro self Tan,ultimate tanning mitt,-,856175002437,Out,-2,0,0,0,0.00,4.00
Fake Bake,Pro Self Tan Oxidant,Gold Pomegranate and Passion Fruit Body Polisher,946 ml,,Out,0,0,0,0,23.00,0.00
Fake Bake,Pro Spray Tan Accessories,Sticky Feet,-,,Out,0,0,0,0,27.50,0.00
Fake Bake,Pro Spray Tan Accessories,Treatment Advice,-,,Out,0,0,0,0,1.50,0.00
Fake Bake,Pro Spray Tan Accessories,Treatment Record Card,-,,Out,0,0,0,0,7.50,0.00
Fake Bake,Pro Spray Tan Solution,Case of 4 Darker Instant Self Tanning Liquid,3800 ml,,Out,0,0,0,0,160.00,0.00
Fake Bake,Pro Spray Tan Solution,Case Of 4 Original Isntant Self Tanning Liquid,3800 ml,,Out,0,0,0,0,152.00,0.00
Fake Bake,Pro Spray Tan Solution,Case of 8 Darker Instant Self Tanning Liquid,7600 ml,,Out,0,0,0,0,272.00,0.00
Fake Bake,Pro Spray Tan Solution,Case Of 8 Original Isntant Self Tanning Liquid,7600 ml,,Out,0,0,0,0,256.00,0.00
Fake Bake,Pro Spray Tan Solution,Darker Instant Self Tanning Liquid,950 ml,,Out,0,0,0,0,46.00,0.00
Fake Bake,Pro Spray Tan Solution,Original instant Self Tanning Liquid,950 ml,,Out,0,0,0,0,44.00,0.00
Fake Bake,Promotional Material,A2 People in the Real World Don't look like this' Posters,-,,Out,0,0,0,0,15.00,0.00
Fake Bake,Promotional Material,Acrylic Counter Top Display Featuring interchageable iserts,-,,Out,0,0,0,0,10.00,0.00
Fake Bake,Promotional Material,Plawless Self Tan Liquid Handouts,-,,Out,0,0,0,0,1.50,0.00
Fake Bake,Promotional Material,Retail Product Guide Handouts,-,,Out,0,0,0,0,1.50,0.00
Fake Bake,Promotional Material,Retail Product Wall Chart,-,,Out,0,0,0,0,7.50,0.00
Fake Bake,Promotional Material,Reward Card,-,,Out,0,0,0,0,3.50,0.00
Fake Bake,Pro Spray Tan Accessories,PRO Replacement washable Filter,-,,Out,0,0,0,0,25.00,0.00
Fake Bake,Pro Spray Tan Accessories,PRO Spray Gun,-,,Out,0,0,0,0,200.00,0.00
Fake Bake,Pro Spray Tan Accessories,PRO Spray Gun replacement Grip,-,,Out,0,0,0,0,5.00,0.00
Fake Bake,Pro Spray Tan Accessories,PRO Step out Mat,-,,Out,0,0,0,0,35.00,0.00
Fake Bake,Pro Spray Tan Accessories,Spray Tan Treatment Advice,-,,Out,0,0,0,0,1.50,0.00
Fake Bake,Pro Spray Tan Accessories,Sticky Feet,-,,Out,0,0,0,0,1.50,0.00
Fake Bake,Self Tan,Fair Self Tan Lotion,170 ml,,Out,0,0,0,0,11.50,22.50
Fake Bake,Self Tan,Flawless Self Tan Liquid And Professional Mitt,170 ml,856175002208,Out,-30,0,0,0,11.50,23.00
Fake Bake,Self Tan,Mousse instant Self Tan,118 ml,,Out,0,0,0,0,12.50,24.50
Fake Bake,Self Tan,Oil Free Moisturisers,170 ml,856175000877,Out,-2,0,0,0,6.50,13.00
Fake Bake,Self Tan,Oil Free Moisturisers Spray,118 ml,,Out,0,0,0,0,6.25,12.50
Fake Bake,Self Tan,Passion Fruit Body Polish,170 ml,856175000600,Out,0,0,0,0,6.25,12.50
Fake Bake,Self Tan,Skin Smoothie Oil,236 ml,,In Stock,2,0,0,0,6.25,13.00
Fake Bake,Self Tan,Tanning Butter For Dry Skin,113 ml,856175001683,In Stock,1,0,0,0,9.00,17.50
Fake Bake,Self Tan,Unisex Bronzing Gel,148 ml,,Out,0,0,0,0,12.50,25.00
Fake Bake,Self Tan,Xtreme Darkest Self Tanning Gel,148 ml,,Out,0,0,0,0,14.00,27.60
Fake Bake,Self Tan anti ageing,Bamboo Buffing Face Polish Platinum,60 ml,856175001140,Out,0,0,0,0,5.38,10.00
Fake Bake,Self Tan anti ageing,Platinum Face Self Tan Lotion,60 ml,856175002055,Out,0,0,0,0,16.25,32.50
Fake Bake,Self Tan anti oxidants,Gold 3 Piece Tanning Kit,-,,In Stock,3,0,0,0,27.63,55.25
Fake Bake,Self Tan anti oxidants,Gold Pomegranate And Passion Fruit Smoothie Oil,236 ml,856175001478,In Stock,1,0,0,0,7.25,14.00
Fake Bake,Promotional Material,Reward Scheme Standing Card,-,,Out,0,0,0,0,2.00,0.00
Fake Bake,Promotional Material,Shelf Talker Strip,-,,Out,0,0,0,0,0.75,0.00
Fake Bake,Promotional Material,Spray Tan Standing Card,-,,Out,0,0,0,0,1.50,0.00
Fake Bake,Promotional Material,Standing Card,-,,Out,0,0,0,0,1.50,0.00
Fake Bake,Promotional Material,Tanning Prescription Handouts,-,,Out,0,0,0,0,150.00,0.00
Fake Bake,Spray Tan equipment,PRO V2 Extration Booth,-,,Out,0,0,0,0,"1,995.00",0.00
Fake Bake,Spray Tan Packages,PEB L Package,-,,Out,0,0,0,0,395.00,0.00
Fake Bake,Spray Tan Packages,POD V2 Package,-,,Out,0,0,0,0,"2,495.00",0.00
Fake Bake,Spray Tan Packages,Pro V2 Package,-,,Out,0,0,0,0,"2,995.00",0.00
Fake Bake,Training,Advanced Training,-,,Out,0,0,0,0,35.00,0.00
Fake Bake,Training,Marketing Your Business,-,,Out,0,0,0,0,100.00,0.00
Fake Bake,Training,Professional Self Tan Application,-,,Out,0,0,0,0,50.00,0.00
Fake Bake,Training,Professional Self Tan Treatment,-,,Out,0,0,0,0,50.00,0.00
Glam Glow,Accessories,glam glow super mud,34 g,736211224262,Out,0,0,0,0,24.75,44.99
Glam Glow,Accessories,glam glow Youth mud,50 g,736211449719,Out,-7,0,0,0,27.50,49.99
Glam Glow,Accessories,glamglow bright mud eye treatment,12 g,713757238830,Out,0,0,0,0,24.75,44.99
Glam Glow,Essential Skincare,Glamglow duo Gift set,-,713757239332,In Stock,1,0,0,0,0.00,50.00
Glam Glow,Essential Skincare,power mud dual cleanse treatment,50 g,713757241830,Out,0,0,0,0,0.00,44.99
Lash Perfect,eye care,lash perfect,-,,Out,-1,0,0,0,9.95,15.00
Miscellaneous,OPEN SALE CATEGORY,OPEN SALE PRODUCT,-,,Out,-2,0,0,0,0.00,0.00
Fake Bake,Self Tan anti oxidants,Gold Sef Tan Lotion,207 ml,856175001454,Out,0,0,0,0,15.38,30.75
Fake Bake,Self Tan kits,Preparation Kit,-,,Out,0,0,0,0,3.63,7.25
Fake Bake,Spray Tan equipment,POD V2 Extration Case and Shark Fin Filter,-,,Out,0,0,0,0,495.00,0.00
Fake Bake,Spray Tan equipment,POD V2 Spray Gun and Workstation,-,,Out,0,0,0,0,"1,250.00",0.00
Fake Bake,Spray Tan equipment,POP Up Cubicle,-,,Out,0,0,0,0,46.00,0.00
Nail Harmony UK,Gel Accessories,GEL CLEANSER,120 ml,,Out,0,0,0,0,7.00,0.00
Nail Harmony UK,Gel Accessories,GEL CLEANSER - REFILL,480 ml,,Out,0,0,0,0,18.00,0.00
Nail Harmony UK,Gel Accessories,LED PROFESSIONAL LIGHT 6G,-,,Out,0,0,0,0,200.00,0.00
Nail Harmony UK,Gel Accessories,MAGIS GEL FOIL NAIL WRAPS - FINGERS,500,,Out,0,0,0,0,22.00,0.00
Nail Harmony UK,Gel Accessories,MAGIS GEL FOIL NAIL WRAPS - TOES,500,,Out,0,0,0,0,22.00,0.00
Nail Harmony UK,Gel Brushes,HARMONY # 6 GEL SQUARE,-,,Out,0,0,0,0,19.00,0.00
Nail Harmony UK,Gel Brushes,HARMONY # 7 GEL SQUARE,-,,Out,0,0,0,0,21.00,0.00
Nail Harmony UK,Gel Brushes,HARMONY #6 GEL OVAL,-,,Out,0,0,0,0,18.00,0.00
Nail Harmony UK,Gel Brushes,HARMONY GEL STRIPER,-,,Out,0,0,0,0,14.00,0.00
Nail Harmony UK,Gel Brushes,HARMONY MINI GEL STRIPER,-,,Out,0,0,0,0,14.00,0.00
Nail Harmony UK,Kits,HARMONY SAMPLE KIT,-,,Out,0,0,0,0,10.00,0.00
Nail Harmony UK,Kits,HARMONY STARTER KIT,-,,Out,0,0,0,0,50.00,0.00
Nail Harmony UK,Kits,MASTER HARMONY KIT,-,,Out,0,0,0,0,120.00,0.00
Nail Harmony UK,Nail Colour,Passion,1,,Out,0,0,0,0,0.00,0.00
Nail Harmony UK,Nail Files and Buffers,100/180 BUFFER,each,,Out,0,0,0,0,3.00,0.00
Nail Harmony UK,Cuticle Oil,NOURISH - CUTICLE OIL,15 ml,,Out,0,0,0,0,5.00,0.00
Nail Harmony UK,Dual Coat,DUAL COAT,15 ml,,Out,0,0,0,0,9.00,0.00
Nail Harmony UK,Fusion Acrylic Accessories,GLASS DAPPEN DISH,each,,Out,0,0,0,0,10.00,0.00
Nail Harmony UK,Fusion Acrylic Accessories,PRO 9 - GRIP HANDLE,each,,Out,0,0,0,0,34.00,0.00
Nail Harmony UK,Fusion Acrylic Accessories,SIZE 9 - METAL 2 PIECE,each,,Out,0,0,0,0,46.00,0.00
Nail Harmony UK,Gel Accessories,GEL CLEANSER,120 ml,,Out,0,0,0,0,3.00,0.00
Nail Harmony UK,Nail Prep,pH BOND,15 ml,,Out,0,0,0,0,6.00,0.00
Nail Harmony UK,Nail Primer,PRO BOND (NON-ACID PRIMER),15 ml,,Out,0,0,0,0,10.00,0.00
Nail Harmony UK,Perfetto,NAIL FORMS,300 ct,,Out,0,0,0,0,16.00,0.00
Nail Harmony UK,Perfetto,NAIL FORMS 100ct,100 ct,,Out,0,0,0,0,6.00,0.00
Nail Harmony UK,Reflections,ELEMENTS COLLECTION - BOLD TONES,12 unit,,Out,0,0,0,0,40.00,0.00
Nail Harmony UK,Reflections,MELODY COLLECTION - PASTELS,12 unit,,Out,0,0,0,0,40.00,0.00
Nail Harmony UK,Reflections,PRISMS COLLECTION - HOLOGRAPHIC FILM,12 unit,,Out,0,0,0,0,40.00,0.00
Nail Harmony UK,Reflections,RICHES COLLECTION - PEARLS & METALS,12 unit,,Out,0,0,0,0,40.00,0.00
Nail Harmony UK,Sculpting Monomer,FUSION SCULPTING MONOMER 120ml,120 ml,,Out,0,0,0,0,20.00,0.00
Nail Harmony UK,Sculpting Monomer,FUSION SCULPTING MONOMER 240ml,240 ml,,Out,0,0,0,0,35.00,0.00
Nail Harmony UK,Sculpting Monomer,FUSION SCULPTING MONOMER 59ml,59 ml,,Out,0,0,0,0,11.00,0.00
Nail Harmony UK,Sculpting Monomer,FUSION SCULPTING MONOMER 960ml,960 ml,,Out,0,0,0,0,90.00,0.00
Nail Harmony UK,Sculpting Powder,BLISS PINK POWDER,660 g,,Out,0,0,0,0,119.00,0.00
Nail Harmony UK,Sculpting Powder,BLISS PINK POWDER 105g,105 g,,Out,0,0,0,0,31.00,0.00
Nail Harmony UK,Nail Files and Buffers,150/150 GRIT FILE,each,,Out,0,0,0,0,2.00,0.00
Nail Harmony UK,Nail Files and Buffers,180/180 GRIT FILE,each,,Out,0,0,0,0,2.00,0.00
Nail Harmony UK,Nail Files and Buffers,180/180 THIN WOODEN FILE,4 pk,,Out,0,0,0,0,2.00,0.00
Nail Harmony UK,Nail Files and Buffers,180/180 THIN WOODEN FILE 25pk,25 pk,,Out,0,0,0,0,12.00,0.00
Nail Harmony UK,Nail Files and Buffers,220/240 BUFFER,each,,Out,0,0,0,0,119.00,0.00
Nail Harmony UK,Sculpting Powder,LOVELY PINK POWDER 105g,105 g,,Out,0,0,0,0,31.00,0.00
Nail Harmony UK,Sculpting Powder,LOVELY PINK POWDER 28g,28 g,,Out,0,0,0,0,11.00,0.00
Nail Harmony UK,Sculpting Powder,PURE WHITE POWDER,660 g,,Out,0,0,0,0,119.00,0.00
Nail Harmony UK,Sculpting Powder,PURE WHITE POWDER 105g,105 g,,Out,0,0,0,0,31.00,0.00
Nail Harmony UK,Sculpting Powder,PURE WHITE POWDER 28g,28 g,,Out,0,0,0,0,11.00,0.00
Nail Harmony UK,Sculpting Powder,RENEW PINK POWDER 28g,28 g,,Out,0,0,0,0,11.00,0.00
Nail Harmony UK,Sculpting Powder,TRUE CLEAR POWDER,660 g,,Out,0,0,0,0,119.00,0.00
Nail Harmony UK,Sculpting Powder,TRUE CLEAR POWDER 105g,105 g,,Out,0,0,0,0,31.00,0.00
Nail Harmony UK,Sculpting Powder,TRUE CLEAR POWDER 28g,28 g,,Out,0,0,0,0,11.00,0.00
Nail Harmony UK,UV Colour Gels Soak Off,AFTER DARK,15 ml,,Out,0,0,0,0,20.00,0.00
Nail Harmony UK,UV Colour Gels Soak Off,ALI BABAS SIM SALA BAM,15 ml,,In Stock,1,0,0,0,20.00,0.00
Nail Harmony UK,UV Colour Gels Soak Off,ALL ABOUT ME,15 ml,,Out,0,0,0,0,20.00,0.00
Nail Harmony UK,UV Colour Gels Soak Off,ALLURE,15 ml,,Out,0,0,0,0,20.00,0.00
Nail Harmony UK,UV Colour Gels Soak Off,AMAZON FLIRT (GREEN),15 ml,,In Stock,1,0,0,0,20.00,0.00
Nail Harmony UK,UV Colour Gels Soak Off,AMBIENCE,15 ml,,In Stock,1,0,0,0,20.00,0.00
Nail Harmony UK,Sculpting Powder,BLISS PINK POWDER 28g,28 g,,Out,0,0,0,0,11.00,0.00
Nail Harmony UK,Sculpting Powder,IVORY NATURAL POWDER,660 g,,Out,0,0,0,0,119.00,0.00
Nail Harmony UK,Sculpting Powder,IVORY NATURAL POWDER 105g,105 g,,Out,0,0,0,0,31.00,0.00
Nail Harmony UK,Sculpting Powder,IVORY NATURAL POWDER 28g,28 g,,Out,0,0,0,0,11.00,0.00
Nail Harmony UK,UV Colour Gels Soak Off,BRONZED,15 ml,,In Stock,1,0,0,0,20.00,0.00
Nail Harmony UK,UV Colour Gels Soak Off,CARNIVAL HANGOVER,15 ml,,In Stock,1,0,0,0,20.00,0.00
Nail Harmony UK,UV Colour Gels Soak Off,CAUTION,15 ml,,In Stock,2,0,0,0,20.00,0.00
Nail Harmony UK,UV Colour Gels Soak Off,CHAMPAGNE,15 ml,,In Stock,1,0,0,0,20.00,0.00
Nail Harmony UK,UV Colour Gels Soak Off,CLOSE YOUR FINGER AND CROSS YOUR EYES,15 ml,,In Stock,1,0,0,0,20.00,0.00
Nail Harmony UK,UV Colour Gels Soak Off,COCO CABANA BANANA,15 ml,,In Stock,1,0,0,0,20.00,0.00
Nail Harmony UK,UV Colour Gels Soak Off,DEEP SEA,15 ml,,Out,0,0,0,0,20.00,0.00
Nail Harmony UK,UV Colour Gels Soak Off,DESERT SANDS,15 ml,,In Stock,1,0,0,0,20.00,0.00
Nail Harmony UK,UV Colour Gels Soak Off,DIVA,15 ml,,Out,0,0,0,0,20.00,0.00
Nail Harmony UK,UV Colour Gels Soak Off,ELEGANT WISH,15 ml,,In Stock,1,0,0,0,20.00,0.00
Nail Harmony UK,UV Colour Gels Soak Off,EMERALD DUST,15 ml,,Out,0,0,0,0,20.00,0.00
Nail Harmony UK,UV Colour Gels Soak Off,EXHALE,15 ml,,Out,0,0,0,0,20.00,0.00
Nail Harmony UK,UV Colour Gels Soak Off,FOREVER BEAUTY,15 ml,,In Stock,1,0,0,0,20.00,0.00
Nail Harmony UK,UV Colour Gels Soak Off,GLAMOUR QUEEN,15 ml,,In Stock,1,0,0,0,20.00,0.00
Nail Harmony UK,UV Colour Gels Soak Off,GO GIRL,15 ml,,In Stock,1,0,0,0,20.00,0.00
Nail Harmony UK,UV Colour Gels Soak Off,GOLDEN TREASURE,15 ml,,Out,0,0,0,0,20.00,0.00
Nail Harmony UK,UV Colour Gels Soak Off,BASHFUL,15 ml,,In Stock,2,0,0,0,20.00,0.00
Nail Harmony UK,UV Colour Gels Soak Off,BELLA'S VAMPIRE,15 ml,,In Stock,2,0,0,0,20.00,0.00
Nail Harmony UK,UV Colour Gels Soak Off,BLACK CHERRY BERRY,15 ml,,In Stock,1,0,0,0,20.00,0.00
Nail Harmony UK,UV Colour Gels Soak Off,BLACK SHADOW,15 ml,,In Stock,1,0,0,0,20.00,0.00
Nail Harmony UK,UV Colour Gels Soak Off,HIGH VOLTAGE,15 ml,,In Stock,1,0,0,0,20.00,0.00
Nail Harmony UK,UV Colour Gels Soak Off,HOT ROD RED,15 ml,,In Stock,1,0,0,0,20.00,0.00
Nail Harmony UK,UV Colour Gels Soak Off,IT'S A LILY,15 ml,,In Stock,2,0,0,0,20.00,0.00
Nail Harmony UK,UV Colour Gels Soak Off,IVORY COAST,15 ml,,Out,0,0,0,0,20.00,0.00
Nail Harmony UK,UV Colour Gels Soak Off,"IZZY WIZZY, LET'S GET BUSY",15 ml,,In Stock,1,0,0,0,20.00,0.00
Nail Harmony UK,UV Colour Gels Soak Off,JET SET,15 ml,,In Stock,1,0,0,0,20.00,0.00
Nail Harmony UK,UV Colour Gels Soak Off,JUNE BRIDE,15 ml,,In Stock,1,0,0,0,20.00,0.00
Nail Harmony UK,UV Colour Gels Soak Off,LIGHT ELEGANT,15 ml,,In Stock,1,0,0,0,20.00,0.00
Nail Harmony UK,UV Colour Gels Soak Off,LITTLE PRINCESSES,15 ml,,Out,0,0,0,0,20.00,0.00
Nail Harmony UK,UV Colour Gels Soak Off,MEDIEVAL MADNESS,15 ml,,Out,0,0,0,0,20.00,0.00
Nail Harmony UK,UV Colour Gels Soak Off,MIDNIGHT CALLER,15 ml,,Out,0,0,0,0,20.00,0.00
Nail Harmony UK,UV Colour Gels Soak Off,MINT ICING,15 ml,,In Stock,1,0,0,0,20.00,0.00
Nail Harmony UK,UV Colour Gels Soak Off,MOROCCAN NIGHTS,15 ml,,In Stock,1,0,0,0,20.00,0.00
Nail Harmony UK,UV Colour Gels Soak Off,NEED A TAN,15 ml,,Out,0,0,0,0,20.00,0.00
Nail Harmony UK,UV Colour Gels Soak Off,NIGHT REFLECTION,15 ml,,In Stock,2,0,0,0,20.00,0.00
Nail Harmony UK,UV Colour Gels Soak Off,NIGHT SHIMMER,15 ml,,In Stock,1,0,0,0,20.00,0.00
Nail Harmony UK,UV Colour Gels Soak Off,GOOD GOSSIP,15 ml,,In Stock,1,0,0,0,20.00,0.00
Nail Harmony UK,UV Colour Gels Soak Off,GOSSIP GIRL,15 ml,,In Stock,1,0,0,0,20.00,0.00
Nail Harmony UK,UV Colour Gels Soak Off,GRAND JEWELS,15 ml,,Out,0,0,0,0,20.00,0.00
Nail Harmony UK,UV Colour Gels Soak Off,HIGH BRIDGE,15 ml,,In Stock,1,0,0,0,20.00,0.00
Nail Harmony UK,UV Colour Gels Soak Off,HIGH VOLTAGE,15 ml,,In Stock,1,0,0,0,20.00,0.00
Nail Harmony UK,UV Colour Gels Soak Off,PLUM AND DONE,15 ml,,In Stock,1,0,0,0,20.00,0.00
Nail Harmony UK,UV Colour Gels Soak Off,PRINCESS TIARA,15 ml,,Out,0,0,0,0,20.00,0.00
Nail Harmony UK,UV Colour Gels Soak Off,QUEEN OF HEARTS,15 ml,,Out,0,0,0,0,20.00,0.00
Nail Harmony UK,UV Colour Gels Soak Off,RED ROSES,15 ml,,In Stock,1,0,0,0,20.00,0.00
Nail Harmony UK,UV Colour Gels Soak Off,RENDEZVOUS,15 ml,,In Stock,2,0,0,0,20.00,0.00
Nail Harmony UK,UV Colour Gels Soak Off,RESERVE,15 ml,,In Stock,1,0,0,0,20.00,0.00
Nail Harmony UK,UV Colour Gels Soak Off,ROSE GARDEN,15 ml,,In Stock,2,0,0,0,20.00,0.00
Nail Harmony UK,UV Colour Gels Soak Off,SAMURI,15 ml,,In Stock,1,0,0,0,20.00,0.00
Nail Harmony UK,UV Colour Gels Soak Off,SEAFOAM,15 ml,,In Stock,1,0,0,0,20.00,0.00
Nail Harmony UK,UV Colour Gels Soak Off,SHAKE IT 'TIL YOU SAMBA (PINK),15 ml,,In Stock,1,0,0,0,20.00,0.00
Nail Harmony UK,UV Colour Gels Soak Off,SHEEK WHITE,15 ml,,In Stock,2,0,0,0,20.00,0.00
Nail Harmony UK,UV Colour Gels Soak Off,SILVER SAND,15 ml,,Out,0,0,0,0,20.00,0.00
Nail Harmony UK,UV Colour Gels Soak Off,SIMPLE SHEER,15 ml,,In Stock,1,0,0,0,20.00,0.00
Nail Harmony UK,UV Colour Gels Soak Off,SNOW BUNNY,15 ml,,Out,0,0,0,0,20.00,0.00
Nail Harmony UK,UV Colour Gels Soak Off,STAND OUT,15 ml,,In Stock,3,0,0,0,20.00,0.00
Nail Harmony UK,UV Colour Gels Soak Off,OCEAN WAVE,15 ml,,In Stock,1,0,0,0,20.00,0.00
Nail Harmony UK,UV Colour Gels Soak Off,OOBA OOBA BLUE (BLUE),15 ml,,In Stock,1,0,0,0,20.00,0.00
Nail Harmony UK,UV Colour Gels Soak Off,OOCA COOCHA BING BAM - ALAKAZY ALAKAZAM,15 ml,,Out,0,0,0,0,20.00,0.00
Nail Harmony UK,UV Colour Gels Soak Off,PASSION,15 ml,,In Stock,2,0,0,0,20.00,0.00
Nail Harmony UK,UV Colour Gels Soak Off,PINK SMOOTHIE,15 ml,,In Stock,1,0,0,0,20.00,0.00
Nail Harmony UK,UV Colour Gels Soak Off,THE GREAT GOOGLY MOOGLY,15 ml,,In Stock,1,0,0,0,20.00,0.00
Nail Harmony UK,UV Colour Gels Soak Off,TICKLE MY HEART,15 ml,,Out,0,0,0,0,20.00,0.00
Nail Harmony UK,UV Colour Gels Soak Off,TIGER BLOSSOM,15 ml,,In Stock,1,0,0,0,20.00,0.00
Nail Harmony UK,UV Colour Gels Soak Off,TIKI-TIKI LARANGA (ORANGE),15 ml,,In Stock,1,0,0,0,20.00,0.00
Nail Harmony UK,UV Colour Gels Soak Off,TUMBERLINE VIOLET,15 ml,,In Stock,1,0,0,0,20.00,0.00
Nail Harmony UK,UV Colour Gels Soak Off,TUTTI FRUTTI,15 ml,,In Stock,1,0,0,0,20.00,0.00
Nail Harmony UK,UV Colour Gels Soak Off,TWINKLE,15 ml,,In Stock,1,0,0,0,20.00,0.00
Nail Harmony UK,UV Colour Gels Soak Off,UP IN THE BLUE,15 ml,,Out,0,0,0,0,20.00,0.00
Nail Harmony UK,UV Colour Gels Soak Off,VANILLA SILK,15 ml,,In Stock,1,0,0,0,20.00,0.00
Nail Harmony UK,UV Colour Gels Soak Off,VEGAS NIGHTS,15 ml,,Out,0,0,0,0,20.00,0.00
Nail Harmony UK,UV Colour Gels Soak Off,WATER FIELD,15 ml,,In Stock,1,0,0,0,20.00,0.00
Nail Harmony UK,UV Colour Gels Soak Off,WICKED,15 ml,,In Stock,1,0,0,0,20.00,0.00
Nail Harmony UK,UV Colour Gels Soak Off,"WIGGLE FINGER, WIGGLE THUMBS, THAT'S THE WAY THE MAGIC COMES",15 ml,,In Stock,1,0,0,0,20.00,0.00
Nail Harmony UK,UV Gel Kits,Revel Master Pro Kit,kit,,Out,0,0,0,0,165.00,0.00
Nail Harmony UK,UV Gels,UV CLEAR BUILDER GEL,15 ml,,Out,0,0,0,0,20.00,0.00
Nail Harmony UK,UV Colour Gels Soak Off,STAR BURST,15 ml,,In Stock,1,0,0,0,20.00,0.00
Nail Harmony UK,UV Colour Gels Soak Off,SWEET CHOCOLATE,15 ml,,In Stock,1,0,0,0,20.00,0.00
Nail Harmony UK,UV Colour Gels Soak Off,SWEET DREAM,15 ml,,Out,0,0,0,0,20.00,0.00
Nail Harmony UK,UV Colour Gels Soak Off,TAFFETA,15 ml,,In Stock,1,0,0,0,20.00,0.00
Nail Harmony UK,UV Colour Gels Soak Off,TASSLES,15 ml,,Out,0,0,0,0,20.00,0.00
Nail Harmony UK,UV Gels,UV FRENCH WHITE POLISH GEL,15 ml,,Out,0,0,0,0,20.00,0.00
Nail Harmony UK,UV Gels,UV NO CLEANSE SEALER,50 ml,,Out,0,0,0,0,18.00,0.00
Nail Harmony UK,UV Gels,UV PINK BUILDER GEL,15 ml,,Out,0,0,0,0,20.00,0.00
Nail Harmony UK,UV Gels,UV PINK BUILDER GEL,50 ml,,Out,0,0,0,0,45.00,0.00
Nail Harmony UK,UV Gels,UV WHITE BUILDER GEL,15 ml,,Out,0,0,0,0,20.00,0.00
Nail Harmony UK,UV Gels Soak Off,GELISH FOUNDATION GEL - SOAK OFF BASE GEL,15 ml,,In Stock,3,0,0,0,30.00,0.00
Nail Harmony UK,UV Gels Soak Off,GELISH SOAK OFF REMOVER,120 ml,,Out,0,0,0,0,7.00,0.00
Nail Harmony UK,UV Gels Soak Off,GELISH SOAK OFF REMOVER - REFILL,480 ml,,Out,0,0,0,0,18.00,0.00
Nail Harmony UK,UV Gels Soak Off,GELISH STRUCTURE GEL - SOAK OFF CLEAR GEL,15 ml,,Out,0,0,0,0,17.00,0.00
Nail Harmony UK,UV Gels Soak Off,GELISH TOP-IT-OFF SEALER - SOAK OFF GEL SEALER,15 ml,,In Stock,3,0,0,0,17.00,0.00
Nailtiques,Accessories,Combination File,10,,Out,0,0,0,0,0.00,0.00
Nailtiques,Accessories,Electric Heated Boots,1 pair,,Out,0,0,0,0,0.00,0.00
Nailtiques,Accessories,Electric Heated Mitts,1 pair,,Out,0,0,0,0,0.00,0.00
Nailtiques,Accessories,Emery Board 280 grit,10,,Out,0,0,0,0,0.00,0.00
Nailtiques,Accessories,Finger Towel,each,,Out,0,0,0,0,0.00,0.00
Nail Harmony UK,UV Gels,UV CLEAR BUILDER GEL,50 ml,,Out,0,0,0,0,45.00,0.00
Nail Harmony UK,UV Gels,UV CLEAR GEL,15 ml,,Out,0,0,0,0,20.00,0.00
Nail Harmony UK,UV Gels,UV CLEAR GEL,50 ml,,Out,0,0,0,0,45.00,0.00
Nail Harmony UK,UV Gels,UV DARK PINK BUILDER GEL,15 ml,,Out,0,0,0,0,20.00,0.00
Nail Harmony UK,UV Gels,UV DARK PINK BUILDER GEL,50 ml,,Out,0,0,0,0,45.00,0.00
Nail Harmony UK,UV Gels,Plastic Liners for Mitts and Boots,150,,Out,0,0,0,0,0.00,0.00
Nailtiques,Accessories,Plastic Liners for Mitts and Boots,1000,,Out,0,0,0,0,0.00,0.00
Nailtiques,Accessories,Polish Remover Pads,100,,Out,0,0,0,0,0.00,0.00
Nailtiques,Accessories,Steel Cuticle Pusher,each,,Out,0,0,0,0,0.00,0.00
Nailtiques,Accessories,Stone Cuticle Remover,each,,Out,0,0,0,0,0.00,0.00
Nailtiques,Accessories,Table Towels,24,,Out,0,0,0,0,0.00,0.00
Nailtiques,Accessories,Titania Foot Pumice,each,,Out,0,0,0,0,0.00,0.00
Nailtiques,Accessories,Work Station,each,,Out,0,0,0,0,0.00,0.00
Nailtiques,Colour Pops,Colorpops,each,,Out,0,0,0,0,0.00,0.00
Nailtiques,Colour Pops,Colorpops Display (33),each,,Out,0,0,0,0,0.00,0.00
Nailtiques,Colour Pops,Colorpops Rings,50,,Out,0,0,0,0,0.00,0.00
Nailtiques,Colour Pops,Colorpops Wall Display (32),each,,Out,0,0,0,0,0.00,0.00
Nailtiques,Holiday Soiree,Holiday Gift Set,18 ml,079245450512,Out,0,0,0,0,12.00,25.00
Nailtiques,Nail Care machine,Cuticle Pushers,each,,Out,0,0,0,0,0.00,0.00
Nailtiques,Nail Care machine,Cuticle/Nail Brush,each,,Out,0,0,0,0,0.00,0.00
Nailtiques,Accessories,Glass Manicurist Bowl,each,,Out,0,0,0,0,0.00,0.00
Nailtiques,Accessories,Hand Towel,each,,Out,0,0,0,0,0.00,0.00
Nailtiques,Accessories,Manicure Bowl (white),each,,Out,0,0,0,0,0.00,0.00
Nailtiques,Accessories,Manicure Towel,each,,Out,0,0,0,0,0.00,0.00
Nailtiques,Accessories,Mini Green & Pink Sponge Emery File,10,,Out,0,0,0,0,0.00,0.00
Nailtiques,Accessories,Plastic Liners for Mitts and Boots,150,,Out,0,0,0,0,0.00,0.00
Nailtiques,Accessories,Plastic Liners for Mitts and Boots,1000,,Out,0,0,0,0,0.00,0.00
Nailtiques,Nail Care machine,Small Emery Tube,each,,Out,0,0,0,0,0.00,0.00
Nailtiques,Nailtiques Colour,12 Pc Stand - Branded Glossy Pop Up display,-,,Out,0,0,0,0,0.00,0.00
Nailtiques,Nailtiques Colour,Nail Lacquer w/ Protein - Havana,-,,Out,0,0,0,0,0.00,10.95
Nailtiques,Nailtiques Colour,Nail Lacquer w/ Protein ? Cairo,-,,Out,0,0,0,0,0.00,10.95
Nailtiques,Nailtiques Colour,Nail Lacquer w/ Protein ? Geneva,-,,Out,0,0,0,0,0.00,10.95
Nailtiques,Nailtiques Colour,Nail Lacquer w/ Protein ? London,-,,Out,0,0,0,0,0.00,10.95
Nailtiques,Nailtiques Colour,Nail Lacquer w/ Protein ? Maui,-,,Out,0,0,0,0,0.00,10.95
Nailtiques,Nailtiques Colour,Nail Lacquer w/ Protein ? Milan,-,,Out,0,0,0,0,0.00,10.95
Nailtiques,Nailtiques Colour,Nail Lacquer w/ Protein ? Monte Carlo,-,,Out,0,0,0,0,0.00,10.95
Nailtiques,Nailtiques Colour,Nail Lacquer w/ Protein ? Moscow,-,,Out,0,0,0,0,0.00,10.95
Nailtiques,Nailtiques Colour,Nail Lacquer w/ Protein ? Rio,-,,Out,0,0,0,0,0.00,10.95
Nailtiques,Nailtiques Colour,Nail Lacquer w/ Protein ? San Tropez,-,,Out,0,0,0,0,0.00,10.95
Nailtiques,Nailtiques Colour,Nail Lacquer w/ Protein ? Shanghai,-,,Out,0,0,0,0,0.00,10.95
Nailtiques,Nail Care machine,Cylinder File,each,,Out,0,0,0,0,0.00,0.00
Nailtiques,Nail Care machine,Felt Cone,each,,Out,0,0,0,0,0.00,0.00
Nailtiques,Nail Care machine,Fine Grain Cone,each,,Out,0,0,0,0,0.00,0.00
Nailtiques,Nail Care machine,Fine Grain Disc,each,,Out,0,0,0,0,0.00,0.00
Nailtiques,Nail Care machine,Manicure Machine,each,,Out,0,0,0,0,0.00,10.95
Nailtiques,Nailtiques Esentials,Cuticle & Hand Conditioner,4 oz,,Out,0,0,0,0,0.00,0.00
Nailtiques,Nailtiques Esentials,Cuticle & Skin Gel,1 oz,,Out,0,0,0,0,0.00,0.00
Nailtiques,Nailtiques Esentials,Cuticle Care Oil,13 oz,,Out,0,0,0,0,0.00,0.00
Nailtiques,Nailtiques Esentials,Formula Fix with Protein,12 oz,,Out,0,0,0,0,0.00,0.00
Nailtiques,Nailtiques Esentials,Nail Moisturiser,1 oz,,Out,0,0,0,0,0.00,0.00
Nailtiques,Nailtiques Esentials,Non-Acetone Remover,6 oz,,Out,0,0,0,0,0.00,0.00
Nailtiques,Nailtiques Esentials,Oil Therapy,12 oz,,Out,0,0,0,0,0.00,0.00
Nailtiques,Nailtiques Esentials,Oil Therapy,14 oz,,Out,0,0,0,0,0.00,0.00
Nailtiques,Nailtiques Kits,After Artificial Kit,kit,,Out,0,0,0,0,13.65,26.50
Nailtiques,Nailtiques Kits,Formula 2 Kit,kit,,Out,0,0,0,0,11.15,22.20
Nailtiques,Professional Sizes,Avocado Foot Crme,16 oz,,Out,0,0,0,0,0.00,0.00
Nailtiques,Professional Sizes,Cuticle and Hand Conditioner,32 oz,,Out,0,0,0,0,0.00,0.00
Nailtiques,Professional Sizes,Cuticle and Hand Conditioner with pump,16 oz,,Out,0,0,0,0,0.00,0.00
Nailtiques,Professional Sizes,Cuticle and Skin Gel,4 oz,,Out,0,0,0,0,0.00,0.00
Nailtiques,Professional Sizes,Formula fix with Protein,2 oz,,Out,0,0,0,0,0.00,0.00
Nailtiques,Nailtiques Colour,Nail Lacquer w/ Protein ? St. Croix,-,,Out,0,0,0,0,0.00,10.95
Nailtiques,Nailtiques Colour,Nail Lacquer w/ Protein ? Tahiti,-,,Out,0,0,0,0,0.00,10.95
Nailtiques,Nailtiques Colour,Nail Lacquer w/ Protein ? Tokyo,-,,Out,0,0,0,0,0.00,10.95
Nailtiques,Nailtiques Colour,Nail Lacquer w/ Protein ? Vegas,-,,Out,0,0,0,0,0.00,10.95
Nailtiques,Nailtiques Colour,Nail Lacquer w/ Protein ? Vienna,-,,Out,0,0,0,0,0.00,0.00
Nailtiques,Professional Sizes,Protein Formula 2,2 oz,,Out,0,0,0,0,0.00,0.00
Nailtiques,Professional Sizes,Protein Formula 2 Plus,2 oz,,Out,0,0,0,0,0.00,0.00
Nailtiques,Professional Sizes,Protein Formula 3,2 oz,,Out,0,0,0,0,0.00,0.00
Nailtiques,Promo and Marketing,Leaflets,25,,Out,0,0,0,0,0.00,0.00
Nailtiques,Promo and Marketing,Paper Gift Bags,10,,Out,0,0,0,0,0.00,0.00
Nailtiques,Promo and Marketing,Perspex A4 Stand,each,,Out,0,0,0,0,0.00,0.00
Nailtiques,Promo and Marketing,Retail Price List & Holder,each,,Out,0,0,0,0,0.00,0.00
Nailtiques,Promo and Marketing,Ribbon 25m,pk,,Out,0,0,0,0,0.00,0.00
Nailtiques,Promo and Marketing,Silver Mesh Gift Bags,each,,Out,0,0,0,0,0.00,0.00
Nailtiques,Promo and Marketing,Small Cellophane Logo Bags,100,,Out,0,0,0,0,0.00,0.00
Nailtiques,Promo and Marketing,White Tissue Paper (100 sheets),pk,,Out,0,0,0,0,0.00,0.00
Nailtiques,Retail Sizes,Protein Formula 1,14 oz,,Out,0,0,0,0,0.00,0.00
Nailtiques,Retail Sizes,Protein Formula 1 1/2oz,12 oz,,Out,0,0,0,0,0.00,0.00
Nailtiques,Retail Sizes,Protein Formula 2,14 oz,,Out,0,0,0,0,0.00,0.00
Nailtiques,Retail Sizes,Protein Formula 2 1/2oz,12 oz,,Out,0,0,0,0,0.00,0.00
Nailtiques,Professional Sizes,Hygienic Nail Soak,1 l,,Out,0,0,0,0,0.00,0.00
Nailtiques,Professional Sizes,Nail Moisturiser,4 oz,,Out,0,0,0,0,0.00,0.00
Nailtiques,Professional Sizes,Non- Acetone Remover,12 gal,,Out,0,0,0,0,0.00,0.00
Nailtiques,Professional Sizes,Oil Therapy,2 oz,,Out,0,0,0,0,0.00,0.00
Nailtiques,Professional Sizes,Protein Formula 1,2 oz,,Out,0,0,0,0,0.00,0.00
Nailtiques,Starter Packs,Pack 2,-,,Out,0,0,0,0,0.00,0.00
Nailtiques,Travel Sizes,Cuticle and Hand Conditioner,1 oz,,Out,0,0,0,0,0.00,0.00
Nailtiques,Travel Sizes,Cuticle and Skin Gel,14 oz,,Out,0,0,0,0,0.00,0.00
Nailtiques,Travel Sizes,Nail Moisturiser,14 oz,,Out,0,0,0,0,0.00,0.00
Nailtiques,Travel Sizes,Non-Acetone Remover,1 oz,,Out,0,0,0,0,0.00,0.00
Nailtiques,Travel Sizes,Oil Therapy,18 oz,,Out,0,0,0,0,0.00,0.00
Nailtiques,Travel Sizes,Protein Formula 1 1/8oz,18 oz,,Out,0,0,0,0,0.00,0.00
Nailtiques,Travel Sizes,Protein Formula 2 1/8oz,18 oz,,Out,0,0,0,0,0.00,0.00
Nailtiques,Travel Sizes,Protein Formula 3 1/8oz,18 oz,,Out,0,0,0,0,0.00,0.00
Orly,Basecoats,BONDER - Orly Hero Product,18 ml,,In Stock,2,0,0,0,5.00,9.95
Orly,Basecoats,BONDER (P),4 oz,,Out,0,0,0,0,18.65,0.00
Orly,Basecoats,PRIMETIME,18 ml,,Out,0,0,0,0,5.20,10.40
Orly,Basecoats,RIDGEFILLER,18 ml,,Out,0,0,0,0,5.00,9.95
Orly,Basecoats,TOP 2 BOTTOM,18 ml,,Out,0,0,0,0,5.00,9.95
Orly,Cuticle Trestments,CUTI-CARE OIL AND PUSHER PEN,18 ml,,Out,0,0,0,0,5.50,10.95
Nailtiques,Retail Sizes,Protein Formula 2 Plus,14 oz,,Out,0,0,0,0,0.00,0.00
Nailtiques,Retail Sizes,Protein Formula 3,14 oz,,Out,0,0,0,0,0.00,0.00
Nailtiques,Retail Sizes,Protein Formula 3 1/2oz,12 oz,,Out,0,0,0,0,0.00,0.00
Nailtiques,Starter Packs,Mobile,-,,Out,0,0,0,0,0.00,0.00
Nailtiques,Starter Packs,Pack 1,-,,Out,0,0,0,0,0.00,0.00
Nailtiques,Starter Packs,Pack 2,18 ml,09609721,Out,0,0,0,0,4.50,8.70
Orly,Cuticle Trestments,CUTIQUE CUTICLE REM.,18 ml,,Out,0,0,0,0,4.50,8.70
Orly,Detail Brush,DETAIL BRUSH W/METAL CASE,-,,Out,0,0,0,0,6.95,0.00
Orly,Detail Brush,DOTTER DUO,-,,Out,0,0,0,0,3.50,0.00
Orly,Detail Brush,STRIPER BRUSH,-,,Out,0,0,0,0,3.50,0.00
Orly,Display,24PC SALON DISPLAY EMPTY NEW!,-,,Out,0,0,0,0,28.00,0.00
Orly,Display,36PC DISPLAY EMPTY,-,,Out,0,0,0,0,28.00,0.00
Orly,Display,504PC - PRODUCT ONLY,-,,Out,0,0,0,0,"2,343.60",0.00
Orly,Display,504PC DISPLAY EMPTY,-,,Out,0,0,0,0,90.00,0.00
Orly,Display,72PC DISPLAY 'HOTSTUFF' DISPLAY ONLY,-,,Out,0,0,0,0,35.00,0.00
Orly,Display,72PC DISPLAY 'HOTSTUFF' PRODUCT ONLY,-,,Out,0,0,0,0,334.80,0.00
Orly,Display,72PC DISPLAY EMPTY,-,,Out,0,0,0,0,35.00,0.00
Orly,Display,72PC PRODUCT ONLY,-,,Out,0,0,0,0,334.80,0.00
Orly,Display,INSTANT ARTIST DISPLAY ONLY,-,,Out,0,0,0,0,35.00,0.00
Orly,Display,INSTANT ARTIST PRODUCT ONLY,-,,Out,0,0,0,0,262.80,0.00
Orly,Cuticle Trestments,CUTI-CARE PEN DISPLAY (6pc),6 pc,,Out,0,0,0,0,33.60,66.90
Orly,Cuticle Trestments,CUTICLE CARE COMPLEX,18 ml,,Out,0,0,0,0,5.75,11.20
Orly,Cuticle Trestments,CUTICLE OIL PLUS 30ML,30 ml,,Out,0,0,0,0,6.60,11.60
Orly,Cuticle Trestments,CUTICLE THERAPY CRME,5 oz,,Out,0,0,0,0,2.80,5.55
Orly,Cuticle Trestments,CUTICLE THERAPY CRME (P),2 oz,,Out,0,0,0,0,0.00,0.00
Orly,Display,PRO TOWER DISPAY - EMPTY,-,,Out,0,0,0,0,165.00,0.00
Orly,Display,PRO TOWER DISPLAY - PRODUCT ONLY,-,,Out,0,0,0,0,0.00,0.00
Orly,Display,SPIN DISPLAY - EMPTY,-,,Out,0,0,0,0,255.00,0.00
Orly,Display,SPIN DISPLAY - PRODUCT ONLY,-,,Out,0,0,0,0,0.00,0.00
Orly,French Collection,ANGEL FACE,-,,Out,0,0,0,0,4.65,9.25
Orly,French Collection,BARE ROSE,-,,Out,0,0,0,0,4.65,9.25
Orly,French Collection,BEIGE TONE KIT,-,,Out,0,0,0,0,4.55,8.75
Orly,French Collection,BEVERLY HILLS PLUM,-,,Out,0,0,0,0,4.65,9.25
Orly,French Collection,ETOILE,-,,Out,0,0,0,0,4.65,9.25
Orly,French Collection,HALF MOON TIPGUIDES,-,,Out,0,0,0,0,1.70,3.30
Orly,French Collection,JE'TAIME,-,,Out,0,0,0,0,4.65,9.25
Orly,French Collection,MAGNIFIQUE,-,,Out,0,0,0,0,5.55,10.50
Orly,French Collection,PINK NUDE,-,,Out,0,0,0,0,4.65,9.25
Orly,French Collection,PINK TONE KIT,-,,Out,0,0,0,0,4.55,8.75
Orly,French Collection,POINT BLANCHE,-,,Out,0,0,0,0,4.50,8.95
Orly,Display,MANI MINI GENERIC CANNISTER,-,,Out,0,0,0,0,5.00,0.00
Orly,Display,MANI MINI GENERIC COLLAR FOR CANNISTER,-,,Out,0,0,0,0,2.50,0.00
Orly,Display,MANICURE MINI 144PC COLLECTION - PRODUCT AND DISPLAY,-,,Out,0,0,0,0,381.60,0.00
Orly,Display,NAILCARE GALLERY DISPLAY ONLY,-,,Out,0,0,0,0,35.00,0.00
Orly,Display,NAILCARE GALLERY PRODUCT ONLY,-,,Out,0,0,0,0,4.50,8.95
Orly,French Polynesian 3 for 10,ISLAND BALM - FOOT CRME,85 oz,,Out,0,0,0,0,13.20,0.00
Orly,French Polynesian 3 for 11,ORLY COOL REFRESHING PEDI GEL,8 oz,,Out,0,0,0,0,9.60,0.00
Orly,French Polynesian 3 for 12,ORLY WARM MASSAGE ENHANCER,8 oz,,Out,0,0,0,0,13.60,0.00
Orly,French Polynesian 3 for 2,FRENCH POLYNESIAN TRAVEL KIT FOR HANDS,1 kit,,Out,0,0,0,0,7.60,15.10
Orly,French Polynesian 3 for 3,PARADISE POLISH RENEWING HAND BUFF,85 oz,,Out,0,0,0,0,13.10,0.00
Orly,French Polynesian 3 for 4,HOT LAVA - HAND MASK,7 oz,,Out,0,0,0,0,14.65,0.00
Orly,French Polynesian 3 for 5,TROPICAL DEW - HAND BUTTER,35 oz,,Out,0,0,0,0,9.15,14.95
Orly,French Polynesian 3 for 6,FRENCH POLYNESIAN ISLAND SPA KIT,1,,Out,0,0,0,0,38.50,0.00
Orly,French Polynesian 3 for 7,PEARL SILK - FOOT AND LEG SCRUB,85 oz,,Out,0,0,0,0,13.10,0.00
Orly,French Polynesian 3 for 8,PEARL SILK - FOOT AND LEG SCRUB,288 oz,,Out,0,0,0,0,39.20,0.00
Orly,French Polynesian 3 for 9,ISLAND BALM - FOOT CRME,34 oz,,Out,0,0,0,0,7.30,13.75
Orly,Happy Holidays,Nail Lacquer Gift Set,18 ml,079245450529,Out,-1,0,0,0,12.00,25.00
Orly,Instant Artists,24K GLITTER (GOLD),9 ml,,Out,0,0,0,0,2.90,5.80
Orly,Instant Artists,BEIGE,9 ml,,Out,0,0,0,0,2.90,5.80
Orly,Instant Artists,CHOCOLATE,9 ml,,Out,0,0,0,0,2.90,5.80
Orly,French Collection,ROSE TONE KIT,-,,Out,0,0,0,0,4.55,8.75
Orly,French Collection,SHEER BEAUTY,-,,Out,0,0,0,0,4.65,9.25
Orly,French Collection,SOFTEST WHITE,-,,Out,0,0,0,0,4.50,8.95
Orly,French Collection,SWEET BLUSH,-,,Out,0,0,0,0,4.65,9.25
Orly,French Collection,WHITE TIPS - Orly Hero Product,-,,Out,0,0,0,0,2.90,5.80
Orly,Instant Artists,HOT GREEN,9 ml,,Out,0,0,0,0,2.90,5.80
Orly,Instant Artists,HOT ORANGE,9 ml,,Out,0,0,0,0,2.90,5.80
Orly,Instant Artists,HOT PINK,9 ml,,Out,0,0,0,0,2.90,5.80
Orly,Instant Artists,HOT YELLOW,9 ml,,Out,0,0,0,0,2.90,5.80
Orly,Instant Artists,JET BLACK,9 ml,,Out,0,0,0,0,2.90,5.80
Orly,Instant Artists,LEAFY GREEN,9 ml,,Out,0,0,0,0,2.90,5.80
Orly,Instant Artists,ORANGE PEEL,9 ml,,Out,0,0,0,0,2.90,5.80
Orly,Instant Artists,ORLY INSTANT ARTIST STARTER KIT,kit,,Out,0,0,0,0,14.50,29.00
Orly,Instant Artists,PINK PASTEL,9 ml,,Out,0,0,0,0,2.90,5.80
Orly,Instant Artists,PLATINUM,9 ml,,Out,0,0,0,0,2.90,5.80
Orly,Instant Artists,PLATINUM GLITTER (SILVER),9 ml,,Out,0,0,0,0,2.90,5.80
Orly,Instant Artists,ROSE,9 ml,,Out,0,0,0,0,2.90,5.80
Orly,Instant Artists,SKY BLUE,9 ml,,Out,0,0,0,0,2.90,5.80
Orly,Instant Artists,SOLID GOLD,9 ml,,Out,0,0,0,0,2.90,5.80
Orly,Instant Artists,SUNSHINE,9 ml,,Out,0,0,0,0,2.90,5.80
Orly,Instant Artists,CRISP WHITE,9 ml,,Out,0,0,0,0,2.90,5.80
Orly,Instant Artists,DARK PURPLE,9 ml,,Out,0,0,0,0,2.90,5.80
Orly,Instant Artists,FIERY RED,9 ml,,Out,0,0,0,0,2.90,5.80
Orly,Instant Artists,GRAPE,9 ml,,Out,0,0,0,0,2.90,5.80
Orly,Instant Artists,HOT BLUE,9 ml,,Out,0,0,0,0,5.50,0.00
Orly,Literature,ORLY MINI COLOUR CHARTS (25),-,,Out,0,0,0,0,2.50,0.00
Orly,Literature,ORLY PURPLE SHOPPING BAG (25),-,,Out,0,0,0,0,5.00,0.00
Orly,Literature,ORLY TREATMENT GUIDE (25),-,,Out,0,0,0,0,3.50,0.00
Orly,Mani Mini Kits,MANI MINI 4PC KIT - HOT SHOTS,kit,,Out,0,0,0,0,8.90,15.00
Orly,Mani Mini Kits,MANI MINI 4PC KIT - LA PETITE FRENCH,kit,,Out,0,0,0,0,8.90,15.00
Orly,Mani Mini Kits,MANI MINI 4PC KIT - MOD SQUAD,kit,,Out,0,0,0,0,8.90,15.00
Orly,Mani Mini Kits,MANI MINI 4PC KIT - UPTOWN GIRL,kit,,Out,0,0,0,0,8.90,15.00
Orly,Manicure Minitures,BASKET CASE,54 ml,,Out,0,0,0,0,2.65,5.00
Orly,Manicure Minitures,BERRY SWEET,54 ml,,Out,0,0,0,0,2.00,5.00
Orly,Manicure Minitures,BLACK OUT,54 ml,,Out,0,0,0,0,2.65,5.00
Orly,Manicure Minitures,BLUE BELLE,54 ml,,Out,0,0,0,0,2.65,5.00
Orly,Manicure Minitures,BLUE COLLAR,54 ml,,Out,0,0,0,0,2.65,5.00
Orly,Manicure Minitures,CHOCOLATE MARTINI,54 ml,,Out,0,0,0,0,2.65,5.00
Orly,Manicure Minitures,ENTOURAGE,54 ml,,Out,0,0,0,0,2.00,5.00
Orly,Manicure Minitures,ETOILE,54 ml,,Out,0,0,0,0,2.65,5.00
Orly,Instant Artists,TRUE BLUE,9 ml,,Out,0,0,0,0,2.90,5.80
Orly,Instant Artists,YELLOW SUBMARINE,9 ml,,Out,0,0,0,0,2.90,5.80
Orly,Literature,COMPLETE EASEL TREATMENT PACK,-,,Out,0,0,0,0,5.00,0.00
Orly,Literature,ORLY CLEAR NAIL PALETTE (1),-,,Out,0,0,0,0,2.00,0.00
Orly,Literature,ORLY COLOUR GUIDE (25),-,,Out,0,0,0,0,2.65,5.00
Orly,Manicure Minitures,HAUTE RED,54 ml,,Out,0,0,0,0,2.65,5.00
Orly,Manicure Minitures,HOLLA,54 ml,,Out,0,0,0,0,2.65,5.00
Orly,Manicure Minitures,HOOK UP,54 ml,,Out,0,0,0,0,2.65,5.00
Orly,Manicure Minitures,HOT STUFF,54 ml,,Out,0,0,0,0,2.00,5.00
Orly,Manicure Minitures,HOTTIE,54 ml,,Out,0,0,0,0,2.65,5.00
Orly,Manicure Minitures,HYPE,54 ml,,Out,0,0,0,0,2.65,5.00
Orly,Manicure Minitures,IT'S UP TO BLUE,54 ml,,Out,0,0,0,0,2.65,5.00
Orly,Manicure Minitures,JE T'AIME,54 ml,,Out,0,0,0,0,2.65,5.00
Orly,Manicure Minitures,LAST DANCE,54 ml,,Out,0,0,0,0,2.00,5.00
Orly,Manicure Minitures,LEMONADE,54 ml,,Out,0,0,0,0,2.65,5.00
Orly,Manicure Minitures,LIFE'S A PEACH,54 ml,,Out,0,0,0,0,2.00,5.00
Orly,Manicure Minitures,LIMELITE,54 ml,,Out,0,0,0,0,2.00,5.00
Orly,Manicure Minitures,LOLA,54 ml,,Out,0,0,0,0,2.65,5.00
Orly,Manicure Minitures,LOLLIPOP,54 ml,,Out,0,0,0,0,2.65,5.00
Orly,Manicure Minitures,LUXE,54 ml,,Out,0,0,0,0,2.65,5.00
Orly,Manicure Minitures,GOTH,54 ml,,Out,0,0,0,0,2.65,5.00
Orly,Manicure Minitures,GRAPE GLITZ,54 ml,,Out,0,0,0,0,2.65,5.00
Orly,Manicure Minitures,GREEN WITH ENVY,54 ml,,Out,0,0,0,0,2.65,5.00
Orly,Manicure Minitures,GUMDROP,54 ml,,Out,0,0,0,0,2.65,5.00
Orly,Manicure Minitures,HAIR BAND,54 ml,,Out,0,0,0,0,2.65,5.00
Orly,Manicure Minitures,PURPLE CRUSH,54 ml,,Out,0,0,0,0,2.65,5.00
Orly,Manicure Minitures,RAGE,54 ml,,Out,0,0,0,0,2.65,5.00
Orly,Manicure Minitures,RAZZMATAZZ,54 ml,,Out,0,0,0,0,2.65,5.00
Orly,Manicure Minitures,RED CARPET,54 ml,,Out,0,0,0,0,2.65,5.00
Orly,Manicure Minitures,RIO,54 ml,,Out,0,0,0,0,2.65,5.00
Orly,Manicure Minitures,ROBO ROMANCE,54 ml,,Out,0,0,0,0,2.65,5.00
Orly,Manicure Minitures,ROCKER CHICK,54 ml,,Out,0,0,0,0,2.65,5.00
Orly,Manicure Minitures,RUBY,54 ml,,Out,0,0,0,0,2.65,5.00
Orly,Manicure Minitures,SHEER NUDE,54 ml,,Out,0,0,0,0,2.65,5.00
Orly,Manicure Minitures,SHEER PECHE,54 ml,,Out,0,0,0,0,2.65,5.00
Orly,Manicure Minitures,SHINE ON CRAZY DIAMOND,54 ml,,Out,0,0,0,0,2.65,5.00
Orly,Manicure Minitures,SHOW GIRL,54 ml,,Out,0,0,0,0,2.65,5.00
Orly,Manicure Minitures,STAR SPANGLED,54 ml,,Out,0,0,0,0,2.65,5.00
Orly,Manicure Minitures,TERRACOTTA,54 ml,,Out,0,0,0,0,2.65,5.00
Orly,Manicure Minitures,TIARA,54 ml,,Out,0,0,0,0,2.65,5.00
Orly,Manicure Minitures,NAUGHTY,54 ml,,Out,0,0,0,0,2.65,5.00
Orly,Manicure Minitures,OH CABANA BOY,54 ml,,Out,0,0,0,0,2.65,5.00
Orly,Manicure Minitures,ON THE LIST,54 ml,,Out,0,0,0,0,2.65,5.00
Orly,Manicure Minitures,ORANGE SORBET,54 ml,,Out,0,0,0,0,2.65,5.00
Orly,Manicure Minitures,PINK LEMONADE,54 ml,,Out,0,0,0,0,2.65,5.00
Orly,Nail Colour,BASKET CASE,18 ml,,Out,0,0,0,0,4.65,9.25
Orly,Nail Colour,BERRY BLAST,18 ml,,Out,0,0,0,0,4.65,9.25
Orly,Nail Colour,BLUE COLLAR,18 ml,,Out,0,0,0,0,4.65,9.25
Orly,Nail Colour,BON BON,18 ml,,Out,0,0,0,0,4.65,9.25
Orly,Nail Colour,BURIED TREASURE,18 ml,,Out,0,0,0,0,4.65,9.25
Orly,Nail Colour,BUS STOP CRIMSON,18 ml,,Out,0,0,0,0,4.65,9.25
Orly,Nail Colour,BUTTERFLIES,18 ml,,Out,0,0,0,0,4.65,9.25
Orly,Nail Colour,CATCH THE BOUQUET,18 ml,,Out,0,0,0,0,4.65,9.25
Orly,Nail Colour,CHANTILLY PEACH,18 ml,,Out,0,0,0,0,4.65,9.25
Orly,Nail Colour,CHARGED UP,18 ml,,Out,0,0,0,0,4.65,9.25
Orly,Nail Colour,CHERRY BOMB,18 ml,,Out,0,0,0,0,4.65,9.25
Orly,Nail Colour,CLEAR,18 ml,,Out,0,0,0,0,4.65,9.25
Orly,Nail Colour,COCO BEACH,18 ml,,Out,0,0,0,0,4.65,9.25
Orly,Nail Colour,COFFEE BREAK,18 ml,,Out,0,0,0,0,4.65,9.25
Orly,Nail Colour,CRAWFORD'S WINE,18 ml,,Out,0,0,0,0,4.65,9.25
Orly,Manicure Minitures,VELVET ROPE,54 ml,,Out,0,0,0,0,2.65,5.00
Orly,Manicure Minitures,VIP,54 ml,,Out,0,0,0,0,2.65,5.00
Orly,Manicure Minitures,WANDERING VINE,54 ml,,Out,0,0,0,0,2.65,5.00
Orly,Manicure Minitures,WHITE OUT,54 ml,,Out,0,0,0,0,2.65,5.00
Orly,Manicure Minitures,WITCH'S BLUE,54 ml,,Out,0,0,0,0,2.65,9.25
Orly,Nail Colour,ELSBETH'S ROSE,18 ml,,Out,0,0,0,0,4.65,9.25
Orly,Nail Colour,EVER BURGUNDY,18 ml,,Out,0,0,0,0,4.65,9.25
Orly,Nail Colour,EVERYTHING'S ROSY,18 ml,,Out,0,0,0,0,4.65,9.25
Orly,Nail Colour,FABULOUS FLAMINGO,18 ml,,Out,0,0,0,0,4.65,9.25
Orly,Nail Colour,FIFTY FOUR,18 ml,,Out,0,0,0,0,4.65,9.25
Orly,Nail Colour,FIRST KISS,18 ml,,Out,0,0,0,0,4.65,9.25
Orly,Nail Colour,FLAGSTONE RUSH,18 ml,,Out,0,0,0,0,4.65,9.25
Orly,Nail Colour,FOREVER CRIMSON,18 ml,,Out,0,0,0,0,4.65,9.25
Orly,Nail Colour,GIRLY,18 ml,,Out,0,0,0,0,4.65,9.25
Orly,Nail Colour,GLITZ,18 ml,,Out,0,0,0,0,4.65,9.25
Orly,Nail Colour,GOGO,18 ml,,Out,0,0,0,0,4.65,9.25
Orly,Nail Colour,GOIN' TO THE CHAPEL,18 ml,,Out,0,0,0,0,4.65,9.25
Orly,Nail Colour,GORGEOUS,18 ml,,Out,0,0,0,0,4.65,9.25
Orly,Nail Colour,GOTH,18 ml,,Out,0,0,0,0,4.65,9.25
Orly,Nail Colour,GREEN APPLE,18 ml,,Out,0,0,0,0,4.65,9.25
Orly,Nail Colour,CRUSH ON YOU,18 ml,,Out,0,0,0,0,4.65,9.25
Orly,Nail Colour,CUPCAKE,18 ml,,Out,0,0,0,0,4.65,9.25
Orly,Nail Colour,CUT THE CAKE,18 ml,,Out,0,0,0,0,4.65,9.25
Orly,Nail Colour,DAZZLE,18 ml,,Out,0,0,0,0,4.65,9.25
Orly,Nail Colour,HOOK UP,18 ml,,Out,0,0,0,0,4.65,9.25
Orly,Nail Colour,HOT CHOCOLATE,18 ml,,Out,0,0,0,0,4.65,9.25
Orly,Nail Colour,HOTSHOT,18 ml,,Out,0,0,0,0,4.65,9.25
Orly,Nail Colour,ITS NOT ME ITS YOU,18 ml,,Out,0,0,0,0,4.65,9.25
Orly,Nail Colour,ITS UP TO BLUE,18 ml,,Out,0,0,0,0,4.65,9.25
Orly,Nail Colour,KISS THE BRIDE,18 ml,,Out,0,0,0,0,4.65,9.25
Orly,Nail Colour,L.A. SASHAY,18 ml,,Out,0,0,0,0,4.65,9.25
Orly,Nail Colour,LA VIDA LOCA,18 ml,,Out,0,0,0,0,4.65,9.25
Orly,Nail Colour,LIFES A PEACH,18 ml,,Out,0,0,0,0,4.65,9.25
Orly,Nail Colour,LIFT THE VEIL,18 ml,,Out,0,0,0,0,4.65,9.25
Orly,Nail Colour,LIQUID VINYL,18 ml,,Out,0,0,0,0,4.65,9.25
Orly,Nail Colour,LOLA,18 ml,,Out,0,0,0,0,4.65,9.25
Orly,Nail Colour,LOVE EACH OTHER,18 ml,,Out,0,0,0,0,4.65,9.25
Orly,Nail Colour,MERINGUE,18 ml,,Out,0,0,0,0,4.65,9.25
Orly,Nail Colour,MIND'S EYE,18 ml,,Out,0,0,0,0,4.65,9.25
Orly,Nail Colour,MONROE'S RED,18 ml,,Out,0,0,0,0,4.65,9.25
Orly,Nail Colour,GREEN WITH ENVY,18 ml,,Out,0,0,0,0,4.65,9.25
Orly,Nail Colour,HAUTE RED,18 ml,,Out,0,0,0,0,4.65,9.25
Orly,Nail Colour,HAWAIIAN PUNCH,18 ml,,Out,0,0,0,0,4.65,9.25
Orly,Nail Colour,HONEYMOON IN STYLE,18 ml,,Out,0,0,0,0,4.65,9.25
Orly,Nail Colour,ORANGE PUNCH,18 ml,,Out,0,0,0,0,4.65,9.25
Orly,Nail Colour,ORANGE SORBET,18 ml,,Out,0,0,0,0,4.65,9.25
Orly,Nail Colour,ORLON,18 ml,,Out,0,0,0,0,4.65,9.25
Orly,Nail Colour,ORLY PLATINUM,18 ml,,Out,0,0,0,0,4.65,9.25
Orly,Nail Colour,PASSION FRUIT,18 ml,,Out,0,0,0,0,4.65,9.25
Orly,Nail Colour,PERFECTLY PLUM,18 ml,,Out,0,0,0,0,4.65,9.25
Orly,Nail Colour,PETIT FOUR,18 ml,,Out,0,0,0,0,4.65,9.25
Orly,Nail Colour,PINK CHOCOLATE,18 ml,,Out,0,0,0,0,4.65,9.25
Orly,Nail Colour,PLUM NOIR,18 ml,,Out,0,0,0,0,4.65,9.25
Orly,Nail Colour,PRECISELY POPPY,18 ml,,Out,0,0,0,0,4.65,9.25
Orly,Nail Colour,PRINCE CHARMING,18 ml,,Out,0,0,0,0,4.65,9.25
Orly,Nail Colour,PRISMA GLOSS GOLD,18 ml,,Out,0,0,0,0,4.65,9.25
Orly,Nail Colour,PRISMA GLOSS SILVER,18 ml,,Out,0,0,0,0,4.65,9.25
Orly,Nail Colour,PURPLE CRUSH,18 ml,,Out,0,0,0,0,4.65,9.25
Orly,Nail Colour,QUITE CONTRARY BERRY,18 ml,,Out,0,0,0,0,4.65,9.25
Orly,Nail Colour,RED CARPET,18 ml,,Out,0,0,0,0,4.65,9.25
Orly,Nail Colour,MOONLIT MADNESS,18 ml,,Out,0,0,0,0,4.65,9.25
Orly,Nail Colour,OH CABANA BOY,18 ml,,Out,0,0,0,0,4.65,9.25
Orly,Nail Colour,ONE NIGHT STAND,18 ml,,Out,0,0,0,0,4.65,9.25
Orly,Nail Colour,OPAL HOPE,18 ml,,Out,0,0,0,0,4.65,9.25
Orly,Nail Colour,ORANGE PUNCH,18 ml,,Out,0,0,0,0,4.65,9.25
Orly,Nail Colour,ROSE COLOURED GLASSES,18 ml,,Out,0,0,0,0,4.65,9.25
Orly,Nail Colour,RUBY,18 ml,,Out,0,0,0,0,4.65,9.25
Orly,Nail Colour,RUBY PASSION,18 ml,,Out,0,0,0,0,4.65,9.25
Orly,Nail Colour,SAND CASTLE,18 ml,,Out,0,0,0,0,4.65,9.25
Orly,Nail Colour,SANTA FE ROSE,18 ml,,Out,0,0,0,0,4.65,9.25
Orly,Nail Colour,SEALON,18 ml,,Out,0,0,0,0,4.65,9.25
Orly,Nail Colour,SEASHELL,18 ml,,Out,0,0,0,0,4.65,9.25
Orly,Nail Colour,SHIMMERING MAUVE,18 ml,,Out,0,0,0,0,4.65,9.25
Orly,Nail Colour,SHINE ON CRAZY DIAMONDS,18 ml,,Out,0,0,0,0,4.65,9.25
Orly,Nail Colour,SILK STOCKINGS,18 ml,,Out,0,0,0,0,4.65,9.25
Orly,Nail Colour,SOUL MATE,18 ml,,Out,0,0,0,0,4.65,9.25
Orly,Nail Colour,SPARK,18 ml,,Out,0,0,0,0,4.65,9.25
Orly,Nail Colour,STAR OF BOMBAY,18 ml,,Out,0,0,0,0,4.65,9.25
Orly,Nail Colour,STAR SPANGLED,18 ml,,Out,-1,0,0,0,4.65,9.25
Orly,Nail Colour,STERLING SILVER ROSE,18 ml,,Out,0,0,0,0,4.65,9.25
Orly,Nail Colour,RED FLARE,18 ml,,Out,0,0,0,0,4.65,9.25
Orly,Nail Colour,REEL HIM IN,18 ml,,Out,0,0,0,0,4.65,9.25
Orly,Nail Colour,ROBO ROMANCE,18 ml,,Out,0,0,0,0,4.65,9.25
Orly,Nail Colour,ROCK CANDY,18 ml,,Out,0,0,0,0,4.65,9.25
Orly,Nail Colour,SWIZZLE STICK,18 ml,,Out,0,0,0,0,4.65,9.25
Orly,Nail Colour,TAFFY,18 ml,,Out,0,0,0,0,4.65,9.25
Orly,Nail Colour,TAKE HIM TO THE CLEANERS,18 ml,,Out,0,0,0,0,4.65,9.25
Orly,Nail Colour,TERRA MAUVE,18 ml,,Out,0,0,0,0,4.65,9.25
Orly,Nail Colour,TERRACOTTA,18 ml,,Out,0,0,0,0,4.65,9.25
Orly,Nail Colour,TIARA,18 ml,,Out,0,0,0,0,4.65,9.25
Orly,Nail Colour,TOAST THE COUPLE,18 ml,,Out,0,0,0,0,4.65,9.25
Orly,Nail Colour,TRULY TANGERINE,18 ml,,Out,0,0,0,0,4.65,9.25
Orly,Nail Colour,TWO HOUR LUNCH,18 ml,,Out,0,0,0,0,4.65,9.25
Orly,Nail Colour,VELVET ROPE,18 ml,,Out,0,0,0,0,4.65,9.25
Orly,Nail Colour,VIXEN,18 ml,,Out,0,0,0,0,4.65,9.25
Orly,Nail Colour,WHITE OUT,18 ml,,Out,0,0,0,0,4.65,9.25
Orly,Nail Colour,WHO'S WHO PINK,18 ml,,Out,0,0,0,0,4.65,9.25
Orly,Nail Colour,WITCHES BLUE,18 ml,,Out,0,0,0,0,4.65,9.25
Orly,Nail Files and Buffers,DOUBLE TIME SHINE,-,,Out,0,0,0,0,2.40,4.80
Orly,Nail Files and Buffers,GARNET BOARD,-,,Out,0,0,0,0,0.60,1.10
Orly,Nail Colour,SUGAR PLUM,18 ml,,Out,0,0,0,0,4.65,9.25
Orly,Nail Colour,SUPER NATURAL,18 ml,,Out,0,0,0,0,4.65,9.25
Orly,Nail Colour,SWEET TART,18 ml,,Out,0,0,0,0,4.65,9.25
Orly,Nail Colour,SWEET TEMPTATION,18 ml,,Out,0,0,0,0,3.95,7.80
Orly,Nail Repair and Glue,NAIL RESCUE KIT,-,,Out,0,0,0,0,6.30,12.30
Orly,Nail Strengtheners,CALCIUM SHIELD,18 ml,,Out,0,0,0,0,6.65,12.65
Orly,Nail Strengtheners,NAIL ARMOR,18 ml,,Out,0,0,0,0,4.90,9.50
Orly,Nail Strengtheners,NAIL DEFENSE,18 ml,,Out,0,0,0,0,6.65,12.65
Orly,Nail Strengtheners,NAIL DEFENSE (P),4 oz,,Out,0,0,0,0,26.95,0.00
Orly,Nail Strengtheners,Nailtrition,18 ml,09628522,Out,-1,0,0,0,7.25,14.20
Orly,Nail Strengtheners,NAILTRITION **NEW**,18 ml,,Out,-1,0,0,0,7.25,14.20
Orly,Nail Strengtheners,TOUGH COOKIE,18 ml,,Out,0,0,0,0,7.25,13.95
Orly,Nail Strengtheners,Tough Cookie,18 ml,09611124,In Stock,7,0,0,0,7.25,13.95
Orly,New Orly Pro,DETOXIFYING MASK,338 oz,,Out,0,0,0,0,29.95,0.00
Orly,New Orly Pro,MOISTURISING EXFOLIATOR,338 oz,,Out,0,0,0,0,28.95,0.00
Orly,New Orly Pro,MOISTURISNG LOTION,33 oz,,Out,0,0,0,0,17.95,0.00
Orly,New Orly Pro,MOISTURISNG LOTION,85 oz,,Out,0,0,0,0,7.95,15.90
Orly,New Orly Pro,ORLY FOOT FILE,1,,Out,0,0,0,0,12.95,25.30
Orly,New Orly Pro,ORLY FOOT FILE REFILL 150 Grit,10 pk,,Out,0,0,0,0,11.50,0.00
Orly,New Orly Pro,ORLY FOOT FILE REFILL 80 Grit,10 pk,,Out,0,0,0,0,11.50,0.00
Orly,Nail Files and Buffers,ORLY 3-WAY BUFFER,-,,Out,0,0,0,0,2.00,2.80
Orly,Nail Files and Buffers,ORLY BLACK BOARD,-,,Out,0,0,0,0,0.60,1.10
Orly,Nail Files and Buffers,ZEBRA FOAM BOARD,-,,Out,0,0,0,0,1.35,1.95
Orly,Nail Repair and Glue,BRUSH-ON GLUE,18 oz,,Out,0,0,0,0,3.95,7.80
Orly,Pin Up Collection,IRON BUTTERFLY,18 ml,,Out,0,0,0,0,4.65,9.25
Orly,Pin Up Collection,MANI MINI TREATMENT TRIO KIT,kit,,Out,0,0,0,0,9.00,18.00
Orly,Pin Up Collection,MIDNIGHT STAR,18 ml,,Out,0,0,0,0,4.65,9.25
Orly,Pin Up Collection,NAUGHTY AND NICE,18 ml,,Out,0,0,0,0,4.65,9.25
Orly,Pin Up Collection,SEA OF LIGHT,18 ml,,Out,0,0,0,0,4.65,9.25
Orly,Pin Up Collection,SOLID GOLD,18 ml,,Out,0,0,0,0,4.65,9.25
Orly,Polish Removers,ARTIFICIAL NAIL REMOVER,338 oz,,Out,0,0,0,0,2.80,5.60
Orly,Polish Removers,EXTRA STRENGTH POLISH REMOVER,4 oz,,Out,0,0,0,0,1.80,2.95
Orly,Polish Removers,EXTRA STRENGTH POLISH REMOVER,16 oz,,Out,0,0,0,0,5.60,0.00
Orly,Polish Removers,FLAWLESS FIX NAIL CORRECTOR PEN,3 ml,,Out,0,0,0,0,6.70,11.50
Orly,Polish Removers,GENTLE POLISH REMOVER,4 oz,,Out,0,0,0,0,1.80,2.95
Orly,Polish Removers,GENTLE POLISH REMOVER,16 oz,,Out,0,0,0,0,5.60,0.00
Orly,Polish Removers,POLISH THINNER,2 oz,,Out,0,0,0,0,2.90,5.80
Orly,Polish Removers,SLIP-IT-OFF/ EXTRA STRENGTH,338 oz,,Out,0,0,0,0,2.80,5.25
Orly,Polish Removers,SLIP-IT-OFF/ GENTLE FORMULA,338 oz,,Out,0,0,0,0,2.80,5.40
Orly,Precious Collection,ANCIENT JADE,18 ml,,Out,-1,0,0,0,4.65,9.25
Orly,New Orly Pro,PURIFYING SOAK,338 oz,,Out,0,0,0,0,22.95,0.00
Orly,Pin Up Collection,GLAM ROCK,18 ml,,Out,0,0,0,0,4.65,9.25
Orly,Pin Up Collection,GOLDEN MAHARAJA,18 ml,,Out,0,0,0,0,4.65,9.25
Orly,Pin Up Collection,HERE COMES TROUBLE,18 ml,,Out,0,0,0,0,4.65,9.25
Orly,Pin Up Collection,IRON BUTTERFLY,18 ml,,Out,0,0,0,0,18.60,0.00
Orly,Quick Dry,FLASH DRY DROPS - Orly Hero Product,18 ml,,Out,0,0,0,0,6.40,12.50
Orly,Quick Dry,IN-A-SNAP,18 ml,,Out,0,0,0,0,5.40,10.80
Orly,Quick Dry,IN-A-SNAP (P),4 oz,,Out,0,0,0,0,20.25,0.00
Orly,Quick Dry,SEC'N DRY,18 ml,,Out,0,0,0,0,5.40,10.80
Orly,Quick Dry,SEC'N DRY (P),4 oz,,Out,0,0,0,0,22.80,0.00
Orly,Quick Dry,SPRITZ DRY REFILL (P),16 oz,,Out,0,0,0,0,18.80,0.00
Orly,Quick Dry,SPRITZ DRY SPRAY (P),4 oz,,Out,0,0,0,0,5.70,11.35
Orly,Rich Renewal,RICH RENEWAL CANISTER,24 pc,,Out,0,0,0,0,73.20,126.00
Orly,Rich Renewal,RICH RENEWAL PARADIS,8 oz,,Out,0,0,0,0,8.40,14.90
Orly,Rich Renewal,RICH RENEWAL PARADISE,2 oz,,Out,0,0,0,0,3.05,5.25
Orly,Rich Renewal,RICH RENEWAL PASSION,2 oz,,Out,0,0,0,0,3.05,5.25
Orly,Rich Renewal,RICH RENEWAL PASSION,8 oz,,Out,0,0,0,0,8.40,14.90
Orly,Rich Renewal,RICH RENEWAL PEACE,2 oz,,Out,0,0,0,0,3.05,5.25
Orly,Rich Renewal,RICH RENEWAL PEACE,8 oz,,Out,0,0,0,0,8.40,14.90
Orly,Rich Renewal,RICH RENEWAL PUCKER,2 oz,,Out,0,0,0,0,3.05,5.25
Orly,Precious Collection,GILDED CORAL,18 ml,,Out,0,0,0,0,4.65,9.25
Orly,Precious Collection,PRECIOUS 48PC DISPLAY (6 MINIS FREE),48 pc,,Out,0,0,0,0,111.30,240.00
Orly,Precious Collection,PURE PORCELAIN,18 ml,,Out,0,0,0,0,4.65,9.25
Orly,Quick Dry,CLEAN NAILS,4 oz,,Out,0,0,0,0,5.30,0.00
Orly,Speciality Treatments,NAILS FOR MALES,18 ml,,Out,0,0,0,0,4.80,9.50
Orly,Speciality Treatments,NO BITE,18 ml,,Out,0,0,0,0,4.90,9.80
Orly,Speciality Treatments,SMUDGE FIXER,18 ml,,Out,0,0,0,0,5.00,9.95
Orly,Sugar Fix Scrubs,SUGAR FIX - CHAI,8 oz,,Out,0,0,0,0,13.20,0.00
Orly,Sugar Fix Scrubs,SUGAR FIX - CITRUS,8 oz,,Out,0,0,0,0,13.20,0.00
Orly,Sugar Fix Scrubs,SUGAR FIX - COCOA,8 oz,,Out,0,0,0,0,13.20,0.00
Orly,Sugar Fix Scrubs,SUGAR FIX - TO GO,6 oz,,Out,0,0,0,0,10.65,20.80
Orly,Topcoats,GLOSSER 18ml,18 ml,,Out,0,0,0,0,5.00,9.95
Orly,Topcoats,MATTE TOP COAT 18ml,18 ml,,Out,0,0,0,0,5.00,9.95
Orly,Topcoats,POLISHIELD,18 ml,,Out,0,0,0,0,5.20,10.40
Orly,Topcoats,SUNSCREEN FOR NAILS,18 ml,,Out,0,0,0,0,5.00,9.95
Orly,Topcoats,WON'T CHIP,18 ml,,Out,0,0,0,0,5.10,9.95
Orly,Topcoats,WON'T CHIP (P),4 oz,,Out,0,0,0,0,20.10,0.00
